bbg_ticker,nse_symbol,n_months,rho,med_abs_gap
2299371D IN Equity,INNOIND,60,0.9994583480083524,0.0
360ONE IN Equity,360ONE,75,0.9990152053690743,0.0
3M IN Equity,3MINDIA,251,0.999674852432688,0.0
5PAISA IN Equity,5PAISA,97,0.9479281207315301,0.0
63MOONS IN Equity,63MOONS,246,0.9997393244466479,0.0
AAB IN Equity,ASALCBR,70,0.9999932214669296,0.0
AACL IN Equity,ALKYLAMINE,217,0.9887222938343843,0.0
AARTIPHA IN Equity,AARTIPHARM,35,0.9997249801000327,0.0
AARTISUR IN Equity,AARTISURF,65,0.999854408728163,0.0
AAVAS IN Equity,AAVAS,86,0.9976561766010925,0.0
ABAN IN Equity,ABAN,232,0.9946993769195227,0.0
ABB IN Equity,ABB,251,0.8714766998441223,0.0
ABCAP IN Equity,ABCAPITAL,99,0.9999411966512601,0.0
ABFRL IN Equity,ABFRL,149,0.9981594385645877,0.0
ABNL IN Equity,ABIRLANUVO,139,0.9975263219020274,0.0
ABREL IN Equity,ABREL,251,0.9977817513161121,0.0
ABSLAMC IN Equity,ABSLAMC,50,0.9937739050442942,0.0
ACC IN Equity,ACC,251,0.9977004024802095,0.0
ACCE IN Equity,ACE,231,0.9998451558518985,0.0
ACCELYA IN Equity,ACCELYA,251,0.9991911697179198,0.0
ACEM IN Equity,AMBUJACEM,221,0.9996206055121986,0.0
ACI IN Equity,ACI,37,0.9810839273031862,0.0
ACLGATI IN Equity,ACLGATI,229,0.9999288940397794,0.0
ACML IN Equity,AMBIKCO,215,0.9983737145588848,0.0
ACUTAAS IN Equity,ACUTAAS,51,0.9995984734337584,0.0
ADANI IN Equity,ADANIPOWER,196,0.9998760807037317,0.0
ADANIENS IN Equity,ADANIENSOL,125,0.9999595857948198,0.0
ADANIGR IN Equity,ADANIGREEN,90,0.999950699026101,0.0
ADCH IN Equity,AKSHARCHEM,105,0.9997008956176229,0.0
ADE IN Equity,ADANIENT,231,0.9976815124766492,0.0
ADFL IN Equity,ADFFOODS,183,0.9987068736926039,0.0001
ADML IN Equity,ADHUNIK,163,0.9999149735297781,0.0
ADOR IN Equity,ADOR,251,0.9993036397630171,0.0
ADSEZ IN Equity,ADANIPORTS,217,0.9991310705076234,0.0
ADV IN Equity,ADVANTA,111,0.9999985133863329,0.0
ADVENZY IN Equity,ADVENZYMES,112,0.9978414554868908,0.0
AEGISLOG IN Equity,AEGISLOG,251,0.9996397134625786,0.0001
AEROFLEX IN Equity,AEROFLEX,28,0.9901604074834953,0.0
AETHER IN Equity,AETHER,42,0.9999342561240759,0.0
AFFLE IN Equity,AFFLE,76,0.9984782451396752,0.0
AGIG IN Equity,AGI,200,0.9986649330810182,0.0
AGLL IN Equity,ALLCARGO,234,0.9861292347558076,0.0005
AGSTRA IN Equity,AGSTRA,47,0.9999903627279516,0.0
AGVENTUR IN Equity,OCCL,114,0.9999574898667448,0.0
AHLU IN Equity,AHLUCONT,192,0.9999270754572451,0.0
AHWL IN Equity,AHLWEST,142,0.9992583469540457,0.0
AIAE IN Equity,AIAENG,240,0.9987966768522075,0.0
AIFL IN Equity,AIFL,49,0.9996596385890107,0.0
AISG IN Equity,ASAHIINDIA,251,0.9988794479012371,0.0
AJP IN Equity,AJANTPHARM,251,0.9726286625149436,0.0
AJRINFRA IN Equity,AJRINFRA,186,0.9999120251382415,0.0
AKZO IN Equity,JSWDULUX,187,0.9917046493330026,0.0
AL IN Equity,ASHOKLEY,251,0.9978093850940758,0.0001
ALBC IN Equity,ALEMBICLTD,251,0.8962013341259918,0.0001
ALBK IN Equity,ALBK,182,0.9999227488169737,0.0
ALIC IN Equity,ALICON,177,0.9742523620540054,0.0
ALIVUS IN Equity,ALIVUS,52,0.9991873732099606,0.0
ALKEM IN Equity,ALKEM,120,0.9992444331565081,0.0
ALLDIGI IN Equity,ALLDIGI,247,0.9941690607177948,0.0
ALPM IN Equity,APLLTD,171,0.9994765342063355,0.0
AMBER IN Equity,AMBER,95,0.9996118946704488,0.0
ANANDRAT IN Equity,ANANDRATHI,48,0.9965305794978954,0.0
ANDB IN Equity,ANDHRABANK,182,0.9998119628422982,0.0
ANGELONE IN Equity,ANGELONE,62,0.9982590983824668,0.0
ANHPR IN Equity,ANDHRAPAP,251,0.9962298265507105,0.0001
ANTELOPU IN Equity,ANTELOPUS,231,0.9998106517895473,0.0
ANUP IN Equity,ANUP,81,0.9999642430557623,0.0
ANURAS IN Equity,ANURAS,57,0.9999431604149805,0.0
AOS IN Equity,ASIANENE,48,0.9994479251288977,0.0
APAT IN Equity,APLAPOLLO,168,0.9962178928312093,0.0
APCO IN Equity,APCOTEXIND,229,0.99593672330381,0.0
APEX IN Equity,APEX,99,0.9996610874621832,0.0
APHS IN Equity,APOLLOHOSP,251,0.9994592843626913,0.0
APNT IN Equity,ASIANPAINT,251,0.9995309775510692,0.0
APOLLO IN Equity,APOLLO,95,0.9970705847428553,0.0001
APOLP IN Equity,APOLLOPIPE,73,0.9998211817230097,0.0
APR IN Equity,APARINDS,251,0.9921588780683331,0.0
APTR IN Equity,APTECHT,251,0.9996587517245779,0.0
APTUS IN Equity,APTUS,52,0.996959552460894,0.0
APTY IN Equity,APOLLOTYRE,251,0.889623974726557,0.0
ARBP IN Equity,AUROPHARMA,251,0.9994170526431568,0.0
ARCP IN Equity,ANANTRAJ,231,0.9485445792341264,0.0001
ARENM IN Equity,ARE&M,251,0.9997937344512398,0.0
ARGL IN Equity,ARROWGREEN,127,0.9996096859536586,0.0
ARIE IN Equity,ARIES,215,0.9998728382796329,0.0
ARJN IN Equity,AMRUTANJAN,193,0.999815393221707,0.0
ARLF IN Equity,ARMANFIN,114,0.9994999776879693,0.0
ARSL IN Equity,ARSHIYA,192,0.9987305635440443,0.0
ARSU IN Equity,ARIHANTSUP,105,0.9994795029128329,0.0
ARTD IN Equity,AARTIDRUGS,251,0.9994546117269782,0.0001
ARTMSL IN Equity,ARTEMISMED,71,0.9994570885932741,0.0
ARTO IN Equity,AARTIIND,251,0.9678702232292585,0.0001
ARVINDFA IN Equity,ARVINDFASN,81,0.9992877246028665,0.0
ARVND IN Equity,ARVIND,209,0.9999807192819589,0.0
ARVSMART IN Equity,ARVSMART,124,0.9999680063498998,0.0
ASBL IN Equity,ASHOKA,182,0.96219916956083,0.0
ASFI IN Equity,ASHIANA,174,0.9987343085341609,0.0
ASG IN Equity,ANDHRSUGAR,251,0.9991997836475168,0.0001
ASIAN IN Equity,ASIANTILES,220,0.9914164244906419,0.0
ASKAUTOL IN Equity,ASKAUTOLTD,25,0.998763941736213,0.0
ASMN IN Equity,ASHAPURMIN,251,0.9982747640166785,0.0
ASTEL IN Equity,ASTEC,193,0.9695330112890865,0.0
ASTERDM IN Equity,ASTERDM,94,0.999983505406126,0.0
ASTM IN Equity,ASTRAMICRO,251,0.9658606304883486,0.0
ASTR IN Equity,ASTRAZEN,224,0.9997573297536436,0.0
ASTRA IN Equity,ASTRAL,225,0.9999074588534809,0.0
ATA IN Equity,ATULAUTO,150,0.999862007273574,0.0
ATGL IN Equity,ATGL,85,0.9997370463794447,0.0
ATL IN Equity,ATL,28,0.9955840326614629,0.0001
ATLP IN Equity,ATUL,249,0.9995682807041899,0.0
ATXL IN Equity,AUTOAXLES,251,0.9994195131294786,0.0
AUBANK IN Equity,AUBANK,101,0.9997772489554029,0.0
AUPS IN Equity,AURIONPRO,242,0.9956193749878183,0.0
AURUM IN Equity,AURUM,124,0.9045820692701164,0.0002
AVADHSUG IN Equity,AVADHSUGAR,101,0.9998501345647891,0.0
AVALON IN Equity,AVALON,32,0.9999584718263423,0.0
AVNT IN Equity,AVANTIFEED,190,0.9951115463756013,0.0
AWHCL IN Equity,AWHCL,59,0.9965807517606591,0.0
AWL IN Equity,AWL,46,0.9986433348496893,0.0
AXET IN Equity,AXISCADES,244,0.9995611098182628,0.0
AXSB IN Equity,AXISBANK,220,0.9977166838525146,0.0
AZAD IN Equity,AZAD,24,0.9992569901594246,0.0
BAF IN Equity,BAJFINANCE,183,0.9975758557995562,0.0
BAJAJCON IN Equity,BAJAJCON,184,0.9998498213850007,0.0
BAJAJHEA IN Equity,BAJAJHCARE,49,0.9999870995788249,0.0
BAJEL IN Equity,BAJEL,24,0.9987260672027517,0.0
BANDHAN IN Equity,BANDHANBNK,93,0.9998259468856616,0.0
BASF IN Equity,BASF,251,0.9996069667803237,0.0
BATA IN Equity,BATAINDIA,251,0.9976223716602983,0.0
BBOX IN Equity,BBOX,186,0.9995197907710269,0.0001
BBTC IN Equity,BBTC,251,0.9996504385697673,0.0
BCORP IN Equity,BIRLACORPN,209,0.9998435236685189,0.0
BD IN Equity,BOMDYEING,251,0.999166094212319,0.0
BDE IN Equity,BLUEDART,251,0.9998328556284699,0.0
BDL IN Equity,BDL,93,0.9996162876994631,0.0
BECTORS IN Equity,BECTORFOOD,60,0.9820289919047873,0.0
BEML IN Equity,BEML,251,0.9992050615187447,0.0
BEPL IN Equity,BEPL,249,0.9987087108216949,0.0001
BESTAGRO IN Equity,BESTAGRO,51,0.9973768449444534,0.0
BFIN IN Equity,BFINVEST,179,0.9974068081359391,0.0
BFUT IN Equity,BFUTILITIE,223,0.9984145596820647,0.0
BGAL IN Equity,BUTTERFLY,140,0.9994972402776515,0.0
BGIN IN Equity,BHAGERIA,117,0.8992427499664647,0.0
BGRL IN Equity,BGRENERGY,215,0.9997442331418356,0.0
BHAFIN IN Equity,BHARATFIN,107,0.9990872009565732,0.0
BHARTI IN Equity,BHARTIARTL,234,0.997482954672221,0.0
BHE IN Equity,BEL,251,0.9996147424779939,0.0001
BHEL IN Equity,BHEL,251,0.9997462032438911,0.0
BHFC IN Equity,BHARATFORG,251,0.8969486854528119,0.0
BIJL IN Equity,BBL,229,0.9993773476697537,0.0
BIKAJI IN Equity,BIKAJI,37,0.9984362426266776,0.0
BIL IN Equity,BALKRISIND,239,0.9999163952249362,0.0
BILT IN Equity,BALLARPUR,183,0.9999446124417471,0.0
BILVYAPA IN Equity,BILVYAPAR,199,0.9308955781257221,0.0
BIOS IN Equity,BIOCON,251,0.999841320599839,0.0
BJAUT IN Equity,BAJAJ-AUTO,211,0.9996398849545979,0.0
BJE IN Equity,BAJAJELEC,217,0.9983294045962195,0.0
BJFIN IN Equity,BAJAJFINSV,211,0.999848030736325,0.0
BJH IN Equity,BAJAJHIND,251,0.9989795838299242,0.0
BJHI IN Equity,BAJAJHLDNG,213,0.99946108686804,0.0
BKL IN Equity,BROOKS,171,0.9976430653166563,0.0
BLA IN Equity,BALAMINES,224,0.9998965595540014,0.0
BLAL IN Equity,BLAL,32,0.999735126091955,0.0
BLCL IN Equity,BALMLAWRIE,251,0.9996371133124075,0.0
BLIS IN Equity,BLISSGVS,185,0.9982828459595958,0.0
BLJT IN Equity,BALAJITELE,251,0.9998364443957333,0.0
BLSI IN Equity,BLUESTINFO,137,0.9999952349017813,0.0
BLSIN IN Equity,BLS,111,0.9997013095771232,0.0
BLSTR IN Equity,BLUESTARCO,251,0.9067764472202462,0.0
BLUEJET IN Equity,BLUEJET,25,0.9969447741704404,0.0
BNCO IN Equity,BANCOINDIA,228,0.9157140061665056,0.0001
BNRI IN Equity,BANARISUG,251,0.9992606879359827,0.0
BOB IN Equity,BANKBARODA,251,0.9986360244578515,0.0
BODL IN Equity,BODALCHEM,172,0.9417644690308556,0.0
BOI IN Equity,BANKINDIA,251,0.9998768970100597,0.0
BOMH IN Equity,MAHABANK,251,0.9988628935696913,0.0001
BOOT IN Equity,ABBOTINDIA,191,0.9994140170420188,0.0
BOROLTD IN Equity,BOROLTD,65,0.9985863613585193,0.0
BORORENE IN Equity,BORORENEW,91,0.9999916548999186,0.0
BOS IN Equity,BOSCHLTD,214,0.9992971460315629,0.0
BPCL IN Equity,BPCL,251,0.9994408447142241,0.0001
BPML IN Equity,BALKRISHNA,125,0.9936305766070822,0.0001
BRCM IN Equity,BALRAMCHIN,251,0.9997591930181121,0.0
BRGD IN Equity,BRIGADE,216,0.9998612331418099,0.0
BRGR IN Equity,BERGEPAINT,251,0.9997330359639272,0.0
BRIT IN Equity,BRITANNIA,251,0.9997751928343559,0.0
BRNL IN Equity,BRNL,99,0.9998848252699489,0.0
BRSN IN Equity,BHARATRAS,251,0.9584984520649784,0.0
BSE IN Equity,BSE,106,0.999731919517354,0.0
BSOFT IN Equity,BSOFT,251,0.9997634432017085,0.0
BWRL IN Equity,BHARATWIRE,116,0.9990876064422537,0.0
BYKE IN Equity,BYKE,167,0.999478524819797,0.0
BYRCS IN Equity,BAYERCROP,191,0.9996092287603734,0.0
CAFL IN Equity,CAPF,130,0.9999113210995523,0.0
CAIR IN Equity,CAIRN,123,0.9997770310979026,0.0
CAMPUS IN Equity,CAMPUS,43,0.9999779170594985,0.0
CAMS IN Equity,CAMS,62,0.9998284923390146,0.0
CANF IN Equity,CANFINHOME,251,0.9966501241758343,0.0
CANT IN Equity,CANTABIL,182,0.9989074999252184,0.0001
CAPACITE IN Equity,CAPACITE,99,0.9999744634019342,0.0
CARE IN Equity,CARERATING,156,0.9995852752418578,0.0
CARTRADE IN Equity,CARTRADE,52,0.9986063360648266,0.0
CARYSIL IN Equity,CARYSIL,59,0.9997849701972882,0.0
CBK IN Equity,CANBK,251,0.9987918585475122,0.0001
CBOI IN Equity,CENTRALBK,220,0.9974810703249082,0.0001
CCCL IN Equity,CCCL,199,0.9996914575985836,0.0
CCD IN Equity,COFFEEDAY,114,0.998583140482161,0.0
CCLP IN Equity,CCL,251,0.9991978506627445,0.0
CCON IN Equity,CANDC,188,0.9999986504557161,0.0
CCRI IN Equity,CONCOR,251,0.9962047732207897,0.0
CDSL IN Equity,CDSL,102,0.9989956112915991,0.0
CEAT IN Equity,CEATLTD,214,0.9999434677303054,0.0
CECA IN Equity,CENTRUM,92,0.9999268188911732,0.0
CELLO IN Equity,CELLO,25,0.9935403234664314,0.0
CEMPRO IN Equity,CEMPRO,244,0.9860327350358068,0.0001
CENK IN Equity,CENTENKA,251,0.999602904146476,0.0
CESC IN Equity,CESC,251,0.9990033681493362,0.0001
CF IN Equity,GUFICBIO,251,0.99236298728058,0.0001
CFIN IN Equity,CAMLINFINE,131,0.9983350588169606,0.0
CFIS IN Equity,CHOICEIN,44,0.9778146803810636,0.0
CGCL IN Equity,CGCL,182,0.9376624947914929,0.0001
CGPOWER IN Equity,CGPOWER,251,0.9495323164600495,0.0001
CHALET IN Equity,CHALET,82,0.999527538639681,0.0
CHEMCON IN Equity,CHEMCON,62,0.9999576469520471,0.0
CHEMPLAS IN Equity,CHEMPLASTS,52,0.9999996226613013,0.0
CHMB IN Equity,CHAMBLFERT,251,0.997172389610961,0.0
CHOLAHLD IN Equity,CHOLAHLDNG,99,0.9983674921276721,0.0
CIEINDIA IN Equity,CIEINDIA,220,0.9992007708848515,0.0
CIFC IN Equity,CHOLAFIN,186,0.9998241860619933,0.0
CIGN IN Equity,CIGNITITEC,134,0.9980986273213682,0.0
CIPLA IN Equity,CIPLA,251,0.9995028078019272,0.0
CLEAN IN Equity,CLEAN,53,0.9990564834970864,0.0
CLEDU IN Equity,CLEDUCATE,105,0.9969336114808842,0.0
CLGT IN Equity,COLPAL,216,0.9987124941882898,0.0
CLPL IN Equity,CAPLIPOINT,138,0.9972234225015751,0.0
CMC IN Equity,CMC,128,0.9999299971030413,0.0
CMI IN Equity,CMICABLES,109,0.9965451391470841,0.0
CMSINFO IN Equity,CMSINFO,48,0.9985412766875941,0.0
COAL IN Equity,COALINDIA,181,0.9991978240109469,0.0
COCHIN IN Equity,COCHINSHIP,100,0.9999128531779021,0.0
COFORGE IN Equity,COFORGE,251,0.9986725830729949,0.0
COHANCE IN Equity,COHANCE,69,0.9999366834103763,0.0
CONCORDB IN Equity,CONCORDBIO,28,0.9995791405593808,0.0
CONF IN Equity,CONFIPET,78,0.9986499984836968,0.0001
COSMOFIR IN Equity,COSMOFIRST,251,0.9995668555336199,0.0
COXK IN Equity,COX&KINGS,146,0.9980804673257454,0.0
CPBI IN Equity,CENTURYPLY,237,0.9723443264708379,0.0
CPCAP IN Equity,CPCAP,182,0.9997827651592188,0.0
CRAFTSMA IN Equity,CRAFTSMAN,57,0.993772909188505,0.0
CREDAG IN Equity,CREDITACC,88,0.9999671237067682,0.0
CRIN IN Equity,COROMANDEL,194,0.9992556290769476,0.0
CRISIL IN Equity,CRISIL,251,0.9991134562874389,0.0
CROMPTON IN Equity,CROMPTON,115,0.9999288018568141,0.0
CRPBK IN Equity,CORPBANK,182,0.8973722612488007,0.0
CRS IN Equity,CERA,217,0.9979773469377778,0.0
CSBBANK IN Equity,CSBBANK,72,0.9838755463969521,0.0
CSTRL IN Equity,CASTROLIND,141,0.9990426708487393,0.0
CTE IN Equity,CENTUM,218,0.9961078159001845,0.0
CTPI IN Equity,CONTROLPR,114,0.9991732098432445,0.0
CU IN Equity,CARBORUNIV,251,0.999690265948517,0.0
CUBK IN Equity,CUB,251,0.8622511376845515,0.0
CUPD IN Equity,CUPID,111,0.9775594209544939,0.0003
CYIENTDL IN Equity,CYIENTDLM,29,0.9987974101527134,0.0
CYL IN Equity,CYIENT,251,0.9202308195569447,0.0
DABUR IN Equity,DABUR,251,0.9500685187413418,0.0
DAGRI IN Equity,DHANUKA,174,0.9998952800243104,0.0
DALBHARA IN Equity,DALBHARAT,83,0.9994915821155533,0.0
DATA IN Equity,DATAMATICS,200,0.9930167399329543,0.0
DATAPATT IN Equity,DATAPATTNS,48,0.9999503388388579,0.0
DBCL IN Equity,DBCORP,191,0.9980052862959982,0.0
DBEL IN Equity,DALMIABHA,94,0.9999965281598245,0.0
DBL IN Equity,DBL,112,0.999079833812739,0.0
DBNK IN Equity,DENABANK,170,0.9998714583748901,0.0
DBREALTY IN Equity,DBREALTY,190,0.9998967138880588,0.0001
DCAL IN Equity,DCAL,99,0.998125849022192,0.0
DCB IN Equity,DALMIASUG,183,0.9999695538317327,0.0
DCBB IN Equity,DCBBANK,230,0.9995665093841364,0.0
DCIL IN Equity,DREDGECORP,251,0.9992963820261854,0.0
DCMS IN Equity,DCMSHRIRAM,251,0.9447631876238992,0.0
DCXINDIA IN Equity,DCXINDIA,37,0.9790001990318878,0.0
DECM IN Equity,DECCANCE,220,0.9959485224642778,0.0
DEEPENR IN Equity,DEEPENR,174,0.9972673710843328,0.0
DELHIVER IN Equity,DELHIVERY,43,0.9996643897674716,0.0
DELPHIFX IN Equity,DELPHIFX,174,0.9944616475517163,0.0
DELTA IN Equity,DELTACORP,204,0.9998869550589486,0.0
DEN IN Equity,DEN,193,0.9999717263366334,0.0
DEVYANI IN Equity,DEVYANI,52,0.9885078736031833,0.0
DEWH IN Equity,DHFL,197,0.9994879565502539,0.0
DFMF IN Equity,DFMFOODS,75,0.9999810077421437,0.0
DFPC IN Equity,DEEPAKFERT,251,0.9992239434062227,0.0
DGCONTEN IN Equity,DGCONTENT,78,0.9999299079199414,0.0
DGOLETF IN Equity,GOLDADD,31,0.9991081496586217,0.0
DHAMSU IN Equity,DHAMPURSUG,251,0.9995917741342204,0.0
DHANI IN Equity,DHANI,210,0.9999133865863221,0.0
DHLBK IN Equity,DHANBANK,251,0.988119818361151,0.0001
DIACABS IN Equity,DIACABS,27,0.999925323984544,0.0
DIAMOND IN Equity,DIAMONDYD,98,0.9957210067677013,0.0
DIGIDRIV IN Equity,DIGIDRIVE,23,0.9994422212352786,0.0
DIGV IN Equity,SHREDIGCEM,76,0.999883008153595,0.0001
DISH IN Equity,DISHMAN,148,0.999809914260257,0.0
DITV IN Equity,DISHTV,224,0.9996567884728025,0.0
DIVGIITT IN Equity,DIVGIITTS,33,0.9984273328517099,0.0
DIVI IN Equity,DIVISLAB,251,0.9998845397546757,0.0
DIXON IN Equity,DIXON,99,0.9976840683398859,0.0
DLFU IN Equity,DLF,221,0.9999693388248262,0.0
DLINK IN Equity,DLINKINDIA,192,0.9998071153333273,0.0
DLPL IN Equity,LALPATHLAB,120,0.9995023805168353,0.0
DMART IN Equity,DMART,105,0.9998477713437128,0.0
DN IN Equity,DEEPAKNTR,183,0.8734522912086917,0.0
DODLA IN Equity,DODLA,54,0.999509566476459,0.0
DOLATALG IN Equity,DOLATALGO,76,0.9991905362671207,0.0
DOLLAR IN Equity,DOLLAR,104,0.9999887696703685,0.0
DOMS IN Equity,DOMS,24,0.9990818397312798,0.0
DPAL IN Equity,DPABHUSHAN,61,0.999993418324155,0.0
DQE IN Equity,DQE,123,0.9998909754451516,0.0
DREAMFOL IN Equity,DREAMFOLKS,39,0.9996692264560904,0.0
DRRD IN Equity,DRREDDY,251,0.9995644205473126,0.0
DSIL IN Equity,DWARKESH,251,0.9994936309167017,0.0002
DTIL IN Equity,DTIL,131,0.9824950386215094,0.0
DYTC IN Equity,DYNAMATECH,231,0.9988269446283664,0.0
E2E IN Equity,E2E,44,0.999431952088116,0.0
EASEMYTR IN Equity,EASEMYTRIP,57,0.9989336489442964,0.0001
ECLX IN Equity,ECLERX,216,0.9993786306312513,0.0
EDEL IN Equity,EDELWEISS,216,0.9989932818881871,0.0001
EEI IN Equity,EIMCOELECO,251,0.9981810307341932,0.0
EID IN Equity,EIDPARRY,251,0.9995342669942983,0.0
EIH IN Equity,EIHOTEL,251,0.8809609197587795,0.0
EIM IN Equity,EICHERMOT,251,0.9980382689948014,0.0
EKCL IN Equity,EKC,240,0.9997258385336623,0.0
ELCN IN Equity,ELECON,231,0.9998364103266661,0.0001
ELEQ IN Equity,ELGIEQUIP,251,0.9982137871206239,0.0
ELIN IN Equity,ELIN,36,0.999440810994849,0.0
ELSC IN Equity,ELECTCAST,251,0.9270720032851415,0.0001
EMBDL IN Equity,EMBDL,225,0.9975450033527685,0.0
EMCO IN Equity,EMCO,190,0.9761957240790485,0.0
EMIL IN Equity,EMIL,38,0.9979123138156744,0.0
EMKAY IN Equity,EMKAY,236,0.9980873651841167,0.0001
EMSLIMIT IN Equity,EMSLIMITED,27,0.9984247520700169,0.0
EMUDHRA IN Equity,EMUDHRA,42,0.9959824017652189,0.0
ENDU IN Equity,ENDURANCE,110,0.9998091464682699,0.0
ENGR IN Equity,ENGINERSIN,251,0.9972077472130677,0.0
ENIL IN Equity,ENIL,238,0.9995150830919071,0.0
EPACK IN Equity,EPACK,23,0.9947734813731873,0.0
EPIGRAL IN Equity,EPIGRAL,52,0.9926015145786585,0.0
EPLL IN Equity,EPL,251,0.9543340765003927,0.0001
EPML IN Equity,EMAMIPAP,79,0.9998585574522171,0.0
EQUITAS IN Equity,EQUITAS,82,0.9999160581806613,0.0
EQUITASB IN Equity,EQUITASBNK,61,0.9967979106728838,0.0
ERIS IN Equity,ERIS,102,0.9990369474359204,0.0
EROS IN Equity,EROSMEDIA,176,0.9999315622708266,0.0
ERR IN Equity,EASUNREYRL,213,0.9369857683320161,0.0
ESAB IN Equity,ESABINDIA,251,0.9998402567906534,0.0
ESCORTS IN Equity,ESCORTS,251,0.9998032950884929,0.0
ESOIL IN Equity,ESSAROIL,133,0.9999287243375999,0.0
ETERNAL IN Equity,ETERNAL,53,0.9972561746974211,0.0
ETHOSLTD IN Equity,ETHOSLTD,43,0.9985620178110584,0.0
EVI IN Equity,EVERESTIND,247,0.9995899435334155,0.0
EVRIN IN Equity,EVEREADY,248,0.999400702557992,0.0
EXCC IN Equity,EXCELCROP,175,0.9997373139410375,0.0
EXID IN Equity,EXIDEIND,243,0.8110788457088342,0.0
EXPLEOSO IN Equity,EXPLEOSOL,194,0.9994551329277012,0.0
EXXARO IN Equity,EXXARO,52,0.9937035980142336,0.0004
FAIRORGA IN Equity,FAIRCHEMOR,60,0.9987308359914768,0.0
FB IN Equity,FEDERALBNK,251,0.9894857442420203,0.0
FCON IN Equity,FCONSUMER,149,0.9974200998044187,0.0
FCT IN Equity,FACT,251,0.9989043471718143,0.0001
FDCLT IN Equity,FDC,251,0.9996675873834306,0.0
FEDFINA IN Equity,FEDFINA,25,0.9924762063060418,0.0
FEL IN Equity,FEL,251,0.9959699128729333,0.0001
FEL/B IN Equity,FELDVR,202,0.9925802436655483,0.0
FIEM IN Equity,FIEMIND,230,0.9998454883610677,0.0
FINEORG IN Equity,FINEORG,89,0.997208172854295,0.0
FINOPB IN Equity,FINOPB,49,0.9997718143008305,0.0
FIVESTAR IN Equity,FIVESTAR,37,0.9979539915621822,0.0
FKOL IN Equity,FKONCO,59,0.9999999999999994,0.0
FLAIR IN Equity,FLAIR,24,0.9948008619082243,0.0
FLFL IN Equity,FLFL,146,0.9999407099960479,0.0
FLTX IN Equity,FILATEX,172,0.9906672627931441,0.0002
FLUOROCH IN Equity,FLUOROCHEM,74,0.9990783598461792,0.0
FMGI IN Equity,FMGOETZE,231,0.9999417866839356,0.0
FML IN Equity,FORCEMOT,74,0.9574197844234371,0.0
FMNL IN Equity,FMNL,180,0.9970386442196855,0.0
FNXC IN Equity,FINCABLES,251,0.9996676448508549,0.0
FNXP IN Equity,FINPIPE,251,0.9959483598413456,0.0001
FORH IN Equity,FORTIS,223,0.9998592075535324,0.0
FRETAIL IN Equity,FRETAIL,96,0.9998971067895399,0.0
FSC IN Equity,FOSECOIND,251,0.9949944800050753,0.0
FSCSL IN Equity,FSC,94,0.9999999997298579,0.0
FSOL IN Equity,FSL,226,0.9999512922360826,0.0001
FTXC IN Equity,FCL,131,0.9731473733656605,0.0004
FUSION IN Equity,FUSION,37,0.998625672066244,0.0
FZT IN Equity,FAZE3Q,37,0.9949944764354727,0.0
GABR IN Equity,GABRIEL,248,0.9995565077001893,0.0001
GAEX IN Equity,GAEL,251,0.9960246613671028,0.0002
GAIL IN Equity,GAIL,251,0.9996917486705732,0.0001
GALK IN Equity,GUJALKALI,251,0.9996723861602245,0.0
GALL IN Equity,GALLANTT,235,0.9993572436465269,0.0001
GALSURF IN Equity,GALAXYSURF,94,0.9992325584323002,0.0
GANDHAR IN Equity,GANDHAR,25,0.9113949570131085,0.0
GANESHHO IN Equity,GANESHHOU,225,0.9998419114624767,0.0
GAPI IN Equity,GUJAPOLLO,221,0.9995426073693581,0.0
GAYAHWS IN Equity,GAYAHWS,90,0.9987158158593603,0.0
GAYP IN Equity,GAYAPROJ,172,0.9975316610744898,0.0
GBSL IN Equity,GLOBUSSPR,195,0.9991204652329794,0.0
GCPL IN Equity,GODREJCP,251,0.9985332295192788,0.0
GDPL IN Equity,GDL,202,0.999597703228254,0.0
GDSP IN Equity,GODREJIND,251,0.9138612970942914,0.0
GDYR IN Equity,GOODYEAR,37,0.9837647221388175,0.0
GENE IN Equity,GENESYS,251,0.9962680801059025,0.0
GENSOL IN Equity,GENSOL,29,0.9988861766218553,0.0
GEO IN Equity,GEOMETRIC,146,0.8923618288326093,0.0
GEOFSL IN Equity,GEOJITFSL,198,0.9984897991261517,0.0001
GESCO IN Equity,GESHIP,229,0.9993742533512712,0.0
GEXP IN Equity,GOKEX,248,0.9986268426289303,0.0
GFLTD IN Equity,GFLLIMITED,251,0.9963736910885488,0.0001
GHCL IN Equity,GHCL,251,0.9998263292547738,0.0
GHCLTEXT IN Equity,GHCLTEXTIL,30,0.9991697487897856,0.0
GICHF IN Equity,GICHSGFIN,251,0.9985966815013064,0.0
GICRE IN Equity,GICRE,98,0.9998968044339794,0.0
GILL IN Equity,GILLETTE,236,0.9995695531374702,0.0
GIP IN Equity,GIPCL,251,0.9980677068707821,0.0
GKW IN Equity,GKWLIMITED,197,0.9994142503306567,0.0
GLAND IN Equity,GLAND,61,0.9996147567297775,0.0
GLDM IN Equity,GOLDIAM,244,0.9998932386505058,0.0003
GLIN IN Equity,GOODLUCK,131,0.999850802842324,0.0
GLXO IN Equity,GLAXO,251,0.9972910174793137,0.0
GMBR IN Equity,GMBREW,251,0.997262861225722,0.0
GMDC IN Equity,GMDCLTD,251,0.9969527459913458,0.0
GMM IN Equity,GMMPFAUDLR,93,0.9996919853775436,0.0
GMON IN Equity,GAMMONIND,164,0.9202693869544989,0.0
GMRAIRPO IN Equity,GMRAIRPORT,232,0.9987218495958762,0.0001
GMRPUI IN Equity,GMRP&UI,45,0.999709068073968,0.0
GNA IN Equity,GNA,111,0.9998035317080011,0.0
GNFC IN Equity,GNFC,251,0.9997648297067224,0.0
GNP IN Equity,GLENMARK,251,0.9997317196261266,0.0
GNPL IN Equity,GANECOS,129,0.9996803170727462,0.0
GOAGRO IN Equity,GODREJAGRO,98,0.9991511136349149,0.0
GOCL IN Equity,GOCLCORP,138,0.9993966290269645,0.0
GOCOLORS IN Equity,GOCOLORS,49,0.9996368806925795,0.0
GODPI IN Equity,GPIL,236,0.9987528570580586,0.0003
GOKUL IN Equity,GOKULAGRO,117,0.9989592701962592,0.0001
GOLDIETF IN Equity,GOLDIETF,183,0.442668983941222,0.0
GOLI IN Equity,GULFOILLUB,137,0.9992488858655167,0.0
GP IN Equity,GODFRYPHLP,251,0.9996376311697207,0.0
GPBL IN Equity,GENUSPAPER,130,0.9996309352301778,0.0
GPIN IN Equity,GENUSPOWER,215,0.9993195337790923,0.0001
GPL IN Equity,GODREJPROP,191,0.9987956406433377,0.0
GPPE IN Equity,GULFPETRO,251,0.9848041576526446,0.0001
GPPV IN Equity,GPPL,183,0.9990161461895952,0.0
GPT IN Equity,GPTINFRA,113,0.998818984909128,0.0002
GRAN IN Equity,GRANULES,246,0.9993687996890483,0.0
GRASIM IN Equity,GRASIM,251,0.9967937893268789,0.0
GRAV IN Equity,GRAVITA,181,0.999972245043367,0.0
GREENP IN Equity,GREENPANEL,74,0.9997315728473749,0.0
GRFL IN Equity,GATEWAY,45,0.9997718413501627,0.0
GRHF IN Equity,GRUH,177,0.9953139240441579,0.0001
GRIL IN Equity,GRAPHITE,251,0.9965853700243161,0.0
GRINFRA IN Equity,GRINFRA,53,0.9995122686430686,0.0
GRLM IN Equity,GREENLAM,129,0.9990201200310355,0.0
GRSE IN Equity,GRSE,86,0.9997499365567954,0.0
GRV IN Equity,GREAVESCOT,251,0.9993149222613699,0.0
GRWRHITE IN Equity,GRWRHITECH,46,0.9913897914336086,0.0
GSFC IN Equity,GSFC,251,0.9992758082652824,0.0001
GTFL IN Equity,GARFIBRES,224,0.9945937311631694,0.0
GTPL IN Equity,GTPL,101,0.9999944016468965,0.0
GUJGA IN Equity,GUJGASLTD,123,0.999164474800487,0.0
GUJS IN Equity,GSPL,238,0.9990026996797249,0.0
GULP IN Equity,GULPOLY,131,0.9994716113551257,0.0
GVKP IN Equity,GVKPIL,227,0.9997782158111538,0.0
GVPIL IN Equity,GVPIL,251,0.9965959437490706,0.0
GVTD IN Equity,GVT&D,209,0.9927448602787309,0.0
GW IN Equity,GRAUWEIL,27,0.9955709375434741,0.0001
GWN IN Equity,GRINDWELL,231,0.9993998457113975,0.0
GWOS IN Equity,GLOBOFFS,117,0.9980956137341015,0.0
HAPPSTMN IN Equity,HAPPSTMNDS,63,0.9979119121898353,0.0
HAPPYFOR IN Equity,HAPPYFORGE,24,0.9879834194472261,0.0
HARIOMPI IN Equity,HARIOMPIPE,44,0.9981770846522702,0.0
HARS IN Equity,HARITASEAT,144,0.9636191920199569,0.0
HARSHA IN Equity,HARSHA,39,0.9999200070262514,0.0
HATH IN Equity,HATHWAY,190,0.998804110982992,0.0
HAVL IN Equity,HAVELLS,251,0.999882540710767,0.0
HBIO IN Equity,HESTERBIO,129,0.9999978826788217,0.0
HBLENGIN IN Equity,HBLENGINE,227,0.9984571358444988,0.0001
HCBA IN Equity,NOVARTIND,37,0.9899631443477637,0.0
HCC IN Equity,HCC,233,0.9980727413085282,0.0002
HCG IN Equity,HCG,117,0.9973547805388849,0.0
HCLI IN Equity,HCL-INSYS,251,0.9324399365935457,0.0
HCLT IN Equity,HCLTECH,251,0.9993559748881199,0.0
HCP IN Equity,HINDCOPPER,191,0.987181454661904,0.0
HDFC IN Equity,HDFC,222,0.9998204064459721,0.0
HDFCAMC IN Equity,HDFCAMC,88,0.9999982530510472,0.0
HDFCB IN Equity,HDFCBANK,251,0.9996603908005329,0.0
HDFCLIFE IN Equity,HDFCLIFE,97,0.998818290541772,0.0
HDFGOLD IN Equity,HDFCGOLD,184,0.5771727349662292,0.0
HDIL IN Equity,HDIL,221,0.9987790814647932,0.0
HDOR IN Equity,HINDDORROL,162,0.9710695756322171,0.0
HEG IN Equity,HEG,251,0.9976218738370098,0.0
HEIM IN Equity,HEIDELBERG,199,0.9999102952475091,0.0
HEMIPROP IN Equity,HEMIPROP,62,0.9998571163111606,0.0
HERANBA IN Equity,HERANBA,57,0.9996730462807676,0.0
HEUBACHI IN Equity,SUDARCOLOR,234,0.999264723242452,0.0
HEXA IN Equity,HEXATRADEX,164,0.9996456451266196,0.0
HGINFRA IN Equity,HGINFRA,93,0.9999971463014254,0.0
HGSL IN Equity,HGS,203,0.9998968130267136,0.0
HINDWARE IN Equity,HINDWAREAP,72,0.9994091934774361,0.0
HITECH IN Equity,HITECH,91,0.9999645964021253,0.0
HKCI IN Equity,HIKAL,251,0.9982323828332046,0.0
HLEGLAS IN Equity,HLEGLAS,58,0.9991824827820854,0.0
HMCL IN Equity,HEROMOTOCO,251,0.9997102080088658,0.0
HMFC IN Equity,HFCL,177,0.9998709823545129,0.0001
HMN IN Equity,EMAMILTD,232,0.9998179379162035,0.0
HMVL IN Equity,HMVL,185,0.9995113438430694,0.0
HNAL IN Equity,HAL,93,0.9998416547930985,0.0
HNDFDS IN Equity,HNDFDS,76,0.9997427787380025,0.0
HNDL IN Equity,HINDALCO,220,0.9982796409134106,0.0
HOE IN Equity,HINDOILEXP,251,0.998553472041585,0.0
HOMEFIRS IN Equity,HOMEFIRST,58,0.9957926069999831,0.0
HONASA IN Equity,HONASA,25,0.9889259793589578,0.0
HONDAPWR IN Equity,HONDAPOWER,236,0.9998529744959365,0.0
HPAL IN Equity,HPAL,48,0.9976762970989899,0.0
HPCL IN Equity,HINDPETRO,251,0.9985078257855952,0.0001
HPLE IN Equity,HPL,110,0.9997473485595096,0.0
HSCH IN Equity,HSCL,225,0.9994606553596296,0.0001
HSS IN Equity,HIMATSEIDE,251,0.9998038562779626,0.0
HTCORP IN Equity,HITECHCORP,216,0.9502302147768609,0.0
HTFL IN Equity,HERITGFOOD,251,0.9863288618657977,0.0
HTML IN Equity,HTMEDIA,243,0.9992502209327633,0.0
HTSMF IN Equity,HATSUN,138,0.9987170278543785,0.0
HUDCO IN Equity,HUDCO,103,0.9991260304941293,0.0001
HUIN IN Equity,HUHTAMAKI,251,0.999257926426585,0.0
HUVR IN Equity,HINDUNILVR,221,0.9991511171346794,0.0
HWA IN Equity,HONAUT,249,0.9994309404263506,0.0
HZ IN Equity,HINDZINC,229,0.8512669903083023,0.0
ICEM IN Equity,INDIACEM,251,0.9983315064322518,0.0
ICICIBC IN Equity,ICICIBANK,251,0.9993197736058588,0.0
ICICIGI IN Equity,ICICIGI,99,0.9998281232318302,0.0
ICNT IN Equity,ICIL,243,0.9621435395079877,0.0001
ICP IN Equity,IOLCP,181,0.9721611423271792,0.0001
ICRA IN Equity,ICRA,224,0.9998031519009927,0.0
ICSL IN Equity,INFINITE,106,0.9999274102239775,0.0
IDBI IN Equity,IDBI,251,0.9998378480537349,0.0
IDEA IN Equity,IDEA,225,0.9868758546376267,0.0
IDEAFORG IN Equity,IDEAFORGE,29,0.9917422028163708,0.0
IDFC IN Equity,IDFC,230,0.9981872846962994,0.0001
IDFCFB IN Equity,IDFCFIRSTB,121,0.9994180631410434,0.0001
IEX IN Equity,IEX,98,0.9978507303211787,0.0
IFBA IN Equity,IFBAGRO,251,0.9885122711441416,0.0
IFBI IN Equity,IFBIND,251,0.9998318719771827,0.0
IFCI IN Equity,IFCI,251,0.9993979008134958,0.0
IFGLRF IN Equity,IFGLEXPOR,97,0.999999335032405,0.0
IGL IN Equity,IGL,251,0.9990451470341399,0.0001
IGLY IN Equity,INDIAGLYCO,245,0.9994198912556658,0.0
IGM IN Equity,IGARASHI,248,0.9996735375756629,0.0
IGPL IN Equity,IGPL,227,0.9995429812570296,0.0
IGSEC IN Equity,ISGEC,55,0.9912154026575308,0.0
IH IN Equity,INDHOTEL,251,0.9975030340812547,0.0
IIB IN Equity,INDUSINDBK,251,0.9982016683844465,0.0
IIFL IN Equity,IIFL,247,0.9994140940686748,0.0
IIFLCAPS IN Equity,IIFLCAPS,75,0.9960367031911623,0.0
IKIO IN Equity,IKIO,30,0.9978386564191056,0.0
ILFS IN Equity,IVC,251,0.947328991478045,0.0005
ILFT IN Equity,IL&FSTRANS,188,0.9995916615757819,0.0
IMAGICAA IN Equity,IMAGICAA,128,0.9995321193438921,0.0
IMFA IN Equity,IMFA,185,0.9994107568139802,0.0
INBK IN Equity,INDIANB,225,0.9993200623202022,0.0
INDA IN Equity,INTELLECT,132,0.9992547654850608,0.0
INDIASHL IN Equity,INDIASHLTR,24,0.9847741718334924,0.0
INDIGO IN Equity,INDIGO,121,0.9994512542515808,0.0
INDIGOPN IN Equity,INDIGOPNTS,58,0.9952824812386406,0.0
INDOSTAR IN Equity,INDOSTAR,91,0.9990212828262793,0.0
INDR IN Equity,INDOCO,251,0.9989704359320064,0.0
INDT IN Equity,INDOTECH,237,0.9998340553126394,0.0
INDUSTOW IN Equity,INDUSTOWER,156,0.9999583594096266,0.0
INE IN Equity,INDNIPPON,251,0.995827452612052,0.0
INFIBEAM IN Equity,CCAVENUE,116,0.9985401285911502,0.0002
INFO IN Equity,INFY,251,0.999346741834869,0.0
INFOE IN Equity,NAUKRI,229,0.9997168942402154,0.0
INGR IN Equity,INGERRAND,251,0.9990296160429929,0.0
INHP IN Equity,INDIANHUME,251,0.9867834145535185,0.0
INMART IN Equity,INDIAMART,77,0.9999935163120264,0.0
INNOVACA IN Equity,INNOVACAP,24,0.9999958574301299,0.0
INOL IN Equity,INOXLEISUR,204,0.9995549281901334,0.0
INOXGREE IN Equity,INOXGREEN,37,0.9996846423892312,0.0
INOXINDI IN Equity,INOXINDIA,24,0.9999177652436492,0.0
INST IN Equity,INSECTICID,199,0.9999076030648953,0.0
INXW IN Equity,INOXWIND,128,0.9999732579923196,0.0001
IOB IN Equity,IOB,251,0.9997596047370769,0.0
IOCL IN Equity,IOC,251,0.9995123253409749,0.0001
ION IN Equity,IONEXCHANG,46,0.9937714633844361,0.0
IPCA IN Equity,IPCALAB,251,0.9992551182271753,0.0
IPL IN Equity,IPL,53,0.999715434493533,0.0
IPMC IN Equity,INDRAMEDCO,251,0.9992078307747474,0.0001
IPRU IN Equity,ICICIPRULI,111,0.9989365387205122,0.0
IRB IN Equity,IRB,214,0.9998603175908184,0.0002
IRCON IN Equity,IRCON,87,0.9930357560632772,0.0
IRCTC IN Equity,IRCTC,74,0.9998958320280881,0.0
IREDA IN Equity,IREDA,25,0.9997416042377609,0.0
IRFC IN Equity,IRFC,59,0.9973877335019523,0.0001
IRMENERG IN Equity,IRMENERGY,26,0.9999723257467714,0.0
IRS IN Equity,INDORAMA,251,0.9998015955686607,0.0
ISEC IN Equity,ISEC,83,0.9999994136785821,0.0
ISMT IN Equity,ISMTLTD,204,0.9999749772680593,0.0001
ITC IN Equity,ITC,251,0.6181895049338757,0.0
ITFL IN Equity,INDTERRAIN,177,0.9612326771080258,0.0
ITI IN Equity,ITI,251,0.999610458172907,0.0
IVRC IN Equity,IVRCLINFRA,175,0.9997742043886945,0.0
IWEL IN Equity,IWEL,48,1.0,0.0
JAGP IN Equity,JAGRAN,238,0.9351711309892654,0.0
JASH IN Equity,JASH,74,0.9999331971688228,0.0
JBCP IN Equity,JBCHEPHARM,251,0.9180803004411471,0.0
JBF IN Equity,JBFIND,225,0.9999393834046979,0.0
JBIL IN Equity,JAIBALAJI,220,0.9985923479730096,0.0
JBM IN Equity,JAYBARMARU,251,0.981741255249777,0.0001
JBMA IN Equity,JBMA,239,0.9313030093224172,0.0001
JCHAC IN Equity,BOSCH-HCIL,236,0.9999642792194388,0.0
JDDL IN Equity,JINDRILL,228,0.9980772040410384,0.0
JDSL IN Equity,JSL,206,0.9995250099819774,0.0001
JETIN IN Equity,JETAIRWAYS,236,0.9998528753063899,0.0
JGPH IN Equity,JAGSNPHARM,251,0.9932797251204482,0.0003
JHSL IN Equity,JHS,228,0.9978180583047734,0.0
JI IN Equity,JISLJALEQS,251,0.9995569812952644,0.0
JIND IN Equity,JUBLINDS,164,0.999864029885751,0.0
JINDALST IN Equity,JINDALSTEL,251,0.9205238377584878,0.0
JIOFIN IN Equity,JIOFIN,28,0.999328162848397,0.0
JITFIN IN Equity,JITFINFRA,106,0.9999757439626656,0.0
JKBK IN Equity,J&KBANK,251,0.9996811946239881,0.0001
JKCE IN Equity,JKCEMENT,237,0.9977257971433794,0.0
JKI IN Equity,JKTYRE,225,0.9988620293420762,0.0
JKIL IN Equity,JKIL,214,0.9994116181226613,0.0
JKLC IN Equity,JKLAKSHMI,234,0.9999193257950685,0.0
JKPAPER IN Equity,JKPAPER,246,0.9995673927281304,0.0001
JLHL IN Equity,JLHL,27,0.9993081688922786,0.0
JM IN Equity,JMFINANCIL,230,0.969089744137329,0.0001
JMCP IN Equity,JMCPROJECT,182,0.9988728479714922,0.0001
JMNA IN Equity,JAMNAAUTO,180,0.9961713601822122,0.0001
JPA IN Equity,JPASSOCIAT,251,0.9615502919011546,0.0
JPIN IN Equity,JPINFRATEC,154,0.9999999385552617,0.0
JPVL IN Equity,JPPOWER,191,0.9994953472315689,0.0
JSAW IN Equity,JINDALSAW,250,0.9980397660421322,0.0001
JSHL IN Equity,JSLHISAR,86,0.9999491758915893,0.0
JSTL IN Equity,JSWSTEEL,243,0.9996950298690475,0.0
JSW IN Equity,JSWENERGY,191,0.9996225696884934,0.0
JSWINFRA IN Equity,JSWINFRA,26,0.9972033258561598,0.0
JSWISPL IN Equity,JSWISPL,59,0.9999110387164186,0.0
JTEKT IN Equity,JTEKTINDIA,251,0.9754345502535715,0.0001
JTLIND IN Equity,JTLIND,48,0.9994394269834868,0.0
JUBI IN Equity,JUBLFOOD,190,0.9995759184472023,0.0
JUBLINGR IN Equity,JUBLINGREA,57,0.9999385800344114,0.0
JUBLPHAR IN Equity,JUBLPHARMA,251,0.9999537808272643,0.0
JUST IN Equity,JUSTDIAL,150,0.9998447534503399,0.0
JWL IN Equity,JWL,182,0.9941336957509757,0.0001
JYL IN Equity,JYOTHYLAB,216,0.7974324245852716,0.0
JYOTICNC IN Equity,JYOTICNC,23,0.9993420046156802,0.0
JYS IN Equity,JYOTISTRUC,250,0.9723020116985189,0.0001
KALY IN Equity,KICL,179,0.995330016681803,0.0
KALYANKJ IN Equity,KALYANKJIL,57,0.9999333872647188,0.0
KAMD IN Equity,KAMDHENU,235,0.9990021085032058,0.0009
KAMOPAIN IN Equity,KAMOPAINTS,35,0.9963605893569669,0.0
KASH IN Equity,BLKASHYAP,237,0.9998523512147087,0.0
KAYA IN Equity,KAYA,124,0.9982406439928374,0.0
KAYNES IN Equity,KAYNES,37,0.9987908396423917,0.0
KBIL IN Equity,KBIL,54,0.9990042191888846,0.0
KBL IN Equity,KTKBANK,251,0.9949949415067432,0.0
KCPL IN Equity,KCP,251,0.9995902701767182,0.0001
KDDL IN Equity,KDDL,117,0.998984832009123,0.0
KECI IN Equity,KEC,237,0.9987375021955558,0.0
KEII IN Equity,KEI,237,0.944641945982465,0.0
KEKC IN Equity,KKCL,236,0.9996760015384252,0.0
KFINTECH IN Equity,KFINTECH,36,0.9994598118346728,0.0
KHDM IN Equity,KHADIM,97,0.9993272191855884,0.0
KIMS IN Equity,KIMS,54,0.9930463648960065,0.0
KINGFA IN Equity,KINGFA,171,0.9815638190230365,0.0
KIOCL IN Equity,KIOCL,100,0.9961371823639875,0.0
KJC IN Equity,KAJARIACER,251,0.9988135285886723,0.0
KKB IN Equity,KIRLOSBROS,188,0.9999421644869525,0.0
KKC IN Equity,CUMMINSIND,246,0.9994936331997001,0.0
KKF IN Equity,KIRLFER,48,0.9869505302031121,0.0
KKIL IN Equity,KIRLOSIND,186,0.9810915278063377,0.0
KKPC IN Equity,KIRLPNU,32,0.9997828323380672,0.0
KMB IN Equity,KOTAKBANK,251,0.9160652683217821,0.0
KMC IN Equity,KOVAI,87,0.9854258371149638,0.0
KMSI IN Equity,KERNEX,240,0.9985817908782243,0.0
KNM IN Equity,KENNAMET,51,0.9969738268790769,0.0
KNPL IN Equity,KANSAINER,233,0.9990706529570904,0.0
KNRC IN Equity,KNRCON,214,0.9212447199048884,0.0
KOEL IN Equity,KIRLOSENG,180,0.9988213858767307,0.0
KOP IN Equity,KOPRAN,251,0.9981466976792278,0.0001
KPDL IN Equity,KOLTEPATIL,216,0.9998598845666598,0.0
KPIG IN Equity,KPIGREEN,53,0.9931661152744513,0.0
KPIL IN Equity,KPIL,251,0.9823678528455733,0.0
KPITTECH IN Equity,KPITTECH,80,0.9993333508459562,0.0
KPR IN Equity,KPRMILL,220,0.9736005588523665,0.0001
KRB IN Equity,KRBL,251,0.8926134090254318,0.0
KRID IN Equity,KRIDHANINF,120,0.998067465849606,0.0
KRSNAA IN Equity,KRSNAA,52,0.9997735376480816,0.0
KS IN Equity,KSL,187,0.9994748769901233,0.0
KSB IN Equity,KSB,251,0.9997939832966614,0.0
KSCL IN Equity,KSCL,218,0.9995974048178491,0.0
KSI IN Equity,KESORAMIND,251,0.5524442093779676,0.0054
KSK IN Equity,KSK,150,0.9999848705341688,0.0
KTG IN Equity,KITEX,159,0.9995286110665635,0.0
KVB IN Equity,KARURVYSYA,251,0.9799057157755586,0.0001
KWALITY IN Equity,KWALITY,133,0.999648138310745,0.0
LANCI IN Equity,LITL,142,0.9999736620904006,0.0
LANDMARK IN Equity,LANDMARK,36,0.9934267681430037,0.0
LATENTVI IN Equity,LATENTVIEW,49,0.9922839290446271,0.0
LAURUS IN Equity,LAURUSLABS,108,0.9978410435113306,0.0
LEEL IN Equity,LEEL,182,0.999525112106693,0.0
LEMONTRE IN Equity,LEMONTREE,92,0.9998002184031481,0.0
LGBB IN Equity,LGBBROSLTD,189,0.9994541271228408,0.0
LICHF IN Equity,LICHSGFIN,251,0.9990848352016994,0.0
LICI IN Equity,LICI,43,0.9997106133296499,0.0
LIIL IN Equity,LINDEINDIA,249,0.9996706388891483,0.0
LINC IN Equity,LINC,129,0.9997079884643147,0.0
LKPS IN Equity,LAKPRE,231,0.6299151542265674,0.0
LLL IN Equity,LOVABLE,177,0.9999385269479502,0.0
LLOYDSEN IN Equity,LLOYDSENGG,113,0.9980838373399706,0.0003
LLOYDSME IN Equity,LLOYDSME,29,0.9990456980306063,0.0
LMAX IN Equity,LUMAXTECH,227,0.999615280728792,0.0001
LMW IN Equity,LMW,251,0.8615064278488279,0.0
LODHA IN Equity,LODHA,56,0.9995098521286938,0.0
LOG IN Equity,LAOPALA,225,0.9979874731777705,0.0
LPC IN Equity,LUPIN,251,0.9993368527190896,0.0
LT IN Equity,LT,251,0.9999522055485741,0.0
LTF IN Equity,LTF,172,0.9988480658626107,0.0
LTFOODS IN Equity,LTFOODS,228,0.8864475875532327,0.0001
LTIM IN Equity,LTM,113,0.9993137718195856,0.0
LTTS IN Equity,LTTS,111,0.998921037579704,0.0
LUMX IN Equity,LUMAXIND,251,0.9995915933714973,0.0
LUX IN Equity,LUXIND,119,0.9999433691347773,0.0
LVB IN Equity,LAKSHVILAS,190,0.9664182130332919,0.0
LXCHEM IN Equity,LXCHEM,57,0.9999603514552209,0.0
LYKA IN Equity,LYKALABS,251,0.9996547979778808,0.0
MACH IN Equity,MCDHOLDING,184,0.9999697445427727,0.0
MAHEPC IN Equity,MAHEPC,70,0.9998370053808645,0.0
MAHGL IN Equity,MGL,113,0.9998093425256408,0.0
MAHLIFE IN Equity,MAHLIFE,217,0.9968789533439855,0.0
MAHLOG IN Equity,MAHLOG,97,0.9961671740871607,0.0
MAIT IN Equity,MAITHANALL,173,0.994957513381293,0.0
MAN IN Equity,MANINDS,246,0.998311180190856,0.0001
MANB IN Equity,MANPASAND,59,0.9999807985190149,0.0
MANKIND IN Equity,MANKIND,31,0.9998614095016795,0.0
MANORAMA IN Equity,MANORAMA,41,0.9997857419971005,0.0
MANYAVAR IN Equity,MANYAVAR,46,0.9992429278988315,0.0
MAPMYIND IN Equity,MAPMYINDIA,48,0.997255875872907,0.0
MASFIN IN Equity,MASFIN,98,0.9999986671403274,0.0
MAST IN Equity,MASTEK,251,0.9733328973580029,0.0
MATRIM IN Equity,MATRIMONY,99,0.9997764279592454,0.0
MAXESTAT IN Equity,MAXESTATES,26,0.9998347515844441,0.0
MAXF IN Equity,MFSL,251,0.9984354460104575,0.0
MAXHEALT IN Equity,MAXHEALTH,64,0.9992149663379045,0.0
MAXI IN Equity,MAXINDIA,47,0.9991369680325004,0.0
MAXINDIA IN Equity,MAXIND,64,0.9971743777474777,0.0
MAZDOCKS IN Equity,MAZDOCK,62,0.9999587446527531,0.0
MBLINFRA IN Equity,MBLINFRA,191,0.99962568185274,0.0
MCF IN Equity,MANGCHEFER,216,0.9998610440819071,0.0001
MCHM IN Equity,MONSANTO,176,0.9985739053735612,0.0
MCLR IN Equity,MCLEODRUSS,245,0.999890954785579,0.0
MCNA IN Equity,MBECL,220,0.9999316965134871,0.0
MCX IN Equity,MCX,165,0.9898753490991518,0.0
MDA IN Equity,MINDACORP,130,0.9995226000623966,0.0
MDHPJ IN Equity,MADHUCON,230,0.9999025837432467,0.0
MEDANTA IN Equity,MEDANTA,37,0.9988320470623812,0.0
MEDIASSI IN Equity,MEDIASSIST,23,0.9987542796523163,0.0
MEDPLUS IN Equity,MEDPLUS,48,0.999984140825808,0.0
MEFO IN Equity,METALFORGE,232,0.9811122897959094,0.0
MEGH IN Equity,MEGH,167,0.9999807428141853,0.0001
METROBRA IN Equity,METROBRAND,48,0.998563802729499,0.0
METROHL IN Equity,METROPOLIS,80,0.9999664977837848,0.0
MGC IN Equity,MANGLMCEM,251,0.9991822900590107,0.0
MGFL IN Equity,MANAPPURAM,186,0.9992202502951852,0.0001
MGSF IN Equity,SIGMAADV,221,0.9977868195827366,0.0002
MHRL IN Equity,MHRIL,197,0.9998586693004218,0.0
MHS IN Equity,MAHSEAMLES,251,0.9998634968049218,0.0
MHSC IN Equity,MAHSCOOTER,251,0.9995357180794787,0.0
MI IN Equity,MANUGRAPH,231,0.9965558048490658,0.0
MIDHANI IN Equity,MIDHANI,92,0.9943154837115166,0.0
MIDL IN Equity,MEP,127,0.9988495586274738,0.0
MINF IN Equity,MANINFRA,189,0.9991837556481071,0.0001
MJS IN Equity,MUNJALSHOW,251,0.9997870067246754,0.0
MM IN Equity,M&M,251,0.9995911492015566,0.0
MMFG IN Equity,MMFL,228,0.9998039797239721,0.0
MMFS IN Equity,M&MFIN,237,0.9551273426607029,0.0
MMTC IN Equity,MMTC,191,0.9962943680499817,0.0
MNCL IN Equity,MONARCH,47,0.9999442646814901,0.0
MNRT IN Equity,MARATHON,111,0.9991669839336126,0.0
MOCF IN Equity,MONTECARLO,132,0.9977423712796312,0.0
MOFS IN Equity,MOTILALOFS,219,0.9998038233485574,0.0
MOIL IN Equity,MOIL,180,0.9960857572841184,0.0
MOTHERSO IN Equity,MOTHERSON,251,0.9636369590754663,0.0001
MPCH IN Equity,MANALIPETC,228,0.9998661096729553,0.0002
MPHL IN Equity,MPHASIS,228,0.9995730380218998,0.0
MPS IN Equity,MPSLTD,195,0.9987999605718069,0.0
MRCO IN Equity,MARICO,246,0.9988127730967742,0.0
MRF IN Equity,MRF,251,0.9999520809326679,0.0
MRGC IN Equity,MARG,63,0.9981692732244439,0.0
MRKS IN Equity,MARKSANS,241,0.9823530099762836,0.0001
MRL IN Equity,CHENNPETRO,251,0.9991101023007243,0.0
MRLN IN Equity,MERCATOR,213,0.9892153662875962,0.0
MRPL IN Equity,MRPL,251,0.9998541592492134,0.0001
MRZI IN Equity,MIRZAINT,233,0.9279965573545444,0.0004
MSIL IN Equity,MARUTI,251,0.9999313574700611,0.0
MSTCLTD IN Equity,MSTCLTD,81,0.9976802251557029,0.0
MSUMI IN Equity,MSUMI,45,0.9920549677815288,0.0001
MTARTECH IN Equity,MTARTECH,57,0.9995733234090625,0.0
MTCL IN Equity,MINDTREE,188,0.9999561419445224,0.0
MTCS IN Equity,MUTHOOTCAP,124,0.9998989933226308,0.0
MTEL IN Equity,MTEDUCARE,164,0.9993091064245895,0.0
MTEP IN Equity,MOLDTKPAC,130,0.997605252401412,0.0
MTLM IN Equity,GREENPLY,251,0.9973677444245568,0.0
MTNL IN Equity,MTNL,251,0.9997342514222523,0.0
MUFTI IN Equity,MUFTI,24,0.9990759125169599,0.0
MUK IN Equity,MUKANDLTD,251,0.9998261046571788,0.0001
MUNI IN Equity,MAYURUNIQ,159,0.999744356795355,0.0
MUS IN Equity,MAHINDUGIN,119,0.998868845070386,0.0
MUTH IN Equity,MUTHOOTFIN,175,0.9971842665537584,0.0
MUTHOOTM IN Equity,MUTHOOTMF,24,0.9999053992787295,0.0
MVIL IN Equity,MAXVIL,86,0.9991528499521299,0.0
MZC IN Equity,MAZDA,109,0.9999860243300983,0.0
NACL IN Equity,NATIONALUM,251,0.996968215124126,0.0001
NACLIND IN Equity,NACLIND,104,0.9978876799744426,0.0
NACO IN Equity,NAVKARCORP,123,0.9995477141387011,0.0
NAGARFER IN Equity,NAGAFERT,114,0.998670302132995,0.0
NAM IN Equity,NAM-INDIA,97,0.9999458954910527,0.0
NARH IN Equity,NH,119,0.9986601252547483,0.0
NAVA IN Equity,NAVA,233,0.9988837681875151,0.0001
NAZARA IN Equity,NAZARA,57,0.9775802451620141,0.0
NBCC IN Equity,NBCC,164,0.9983474702029854,0.0001
NBGL IN Equity,NATHBIOGEN,143,0.9999435453258724,0.0
NCLI IN Equity,NCLIND,224,0.9999629939572169,0.0
NCS IN Equity,NUCLEUS,251,0.9998897534437373,0.0
NDLVENTU IN Equity,NDLVENTURE,217,0.841691609523529,0.0
NDRAUTO IN Equity,NDRAUTO,65,0.9997244001700595,0.0
NELC IN Equity,NELCAST,222,0.9996140821442115,0.0001
NELI IN Equity,NAVNETEDUL,251,0.8741297222287007,0.0001
NEOGEN IN Equity,NEOGEN,79,0.9972226467063593,0.0
NEST IN Equity,NESTLEIND,191,0.9985627805736392,0.0
NETM IN Equity,NETWORK18,226,0.999959917573086,0.0
NETWEB IN Equity,NETWEB,29,0.9996951028105338,0.0
NEWGEN IN Equity,NEWGEN,95,0.9999565315468737,0.0
NFIL IN Equity,NAVINFLUOR,222,0.999625250717676,0.0
NFL IN Equity,NFL,228,0.9994366832685394,0.0001
NGE IN Equity,JAYNECOIND,214,0.9969999978665453,0.0
NHPC IN Equity,NHPC,195,0.9997248418848467,0.0002
NIACL IN Equity,NIACL,97,0.9978036406488973,0.0
NIBL IN Equity,NIBL,152,0.9955788019702065,0.0
NIIT IN Equity,NIITLTD,251,0.9616859777518391,0.0002
NIITMTS IN Equity,NIITMTS,28,0.9996619174953415,0.0
NILASPAC IN Equity,NILASPACES,84,0.9999024475509524,0.0
NILK IN Equity,NILKAMAL,227,0.9996248088306289,0.0
NJCC IN Equity,NCC,177,0.9887434529456142,0.0001
NLC IN Equity,NLCINDIA,251,0.9996259259931304,0.0001
NLHI IN Equity,NILAINFRA,127,0.9973122871710037,0.0
NLL IN Equity,NEULANDLAB,206,0.9967043784136695,0.0
NMDC IN Equity,NMDC,213,0.8419790782214819,0.0001
NOCIL IN Equity,NOCIL,251,0.9997010577763457,0.0001
NRA IN Equity,NRAIL,104,0.9999155303383835,0.0
NRBBR IN Equity,NRBBEARING,251,0.9974792563299912,0.0
NSE IN Equity,NESCO,212,0.9997734286945237,0.0
NSLNISP IN Equity,NSLNISP,34,0.9962555086998142,0.0
NSM IN Equity,NAHARSPING,225,0.9996895393346737,0.0
NSPL IN Equity,NITINSPIN,238,0.9997541729822413,0.0001
NTB IN Equity,NOIDATOLL,251,0.9985551854706582,0.0
NTCPH IN Equity,NATCOPHARM,251,0.9996073175376284,0.0
NTPC IN Equity,NTPC,251,0.9995389894622486,0.0
NURECA IN Equity,NURECA,58,0.999683174125306,0.0
NUVAMA IN Equity,NUVAMA,27,0.9998917488852593,0.0
NUVOCO IN Equity,NUVOCO,52,0.9988206345687624,0.0
NYKAA IN Equity,NYKAA,49,0.997477420503135,0.0
OAH IN Equity,EIHAHOTELS,212,0.9953638968844312,0.0
OAL IN Equity,OAL,77,0.9999130339950508,0.0
OBC IN Equity,ORIENTBANK,182,0.9999669862356484,0.0
OBER IN Equity,OBEROIRLTY,180,0.9997188971027653,0.0
OEX IN Equity,ORBTEXP,145,0.998691960952036,0.0
OFSS IN Equity,OFSS,207,0.9996188001729809,0.0
OGPL IN Equity,GREENPOWER,182,0.9986139426518664,0.0003
OINL IN Equity,OIL,195,0.9991019848738365,0.0
OLECTRA IN Equity,OLECTRA,214,0.9999708141530281,0.0
OMAX IN Equity,OMAXAUTO,251,0.9997341600733634,0.0001
OMDC IN Equity,ORISSAMINE,183,0.9996880918376749,0.0
OMM IN Equity,OMINFRAL,174,0.9895902324974071,0.0001
ONGC IN Equity,ONGC,251,0.999564600209058,0.0
ONMB IN Equity,ONMOBILE,214,0.9999815403637519,0.0
ONT IN Equity,ONWARDTEC,251,0.9998659147871192,0.0
OPI IN Equity,ORIENTPPR,251,0.9873027189366216,0.0002
OPIL IN Equity,OPTIEMUS,100,0.9998322194771319,0.0
OPTC IN Equity,OPTOCIRCUI,208,0.992271112638194,0.0
ORCMNT IN Equity,ORIENTCEM,149,0.9995873955033485,0.0
ORCP IN Equity,ORCHPHARMA,61,0.9995525311379421,0.0
ORIENTEL IN Equity,ORIENTELEC,91,0.9998416253974952,0.0
ORTEL IN Equity,ORTEL,129,0.9847160885636536,0.0
OSC IN Equity,OCL,165,0.822892693446201,0.0
OSCL IN Equity,OMKARCHEM,178,0.9968138104486096,0.0
OTH IN Equity,ORIENTHOT,251,0.9992654758616285,0.0001
PAG IN Equity,PAGEIND,225,0.9995179597138261,0.0
PAKKA IN Equity,PAKKA,29,0.9999327592755343,0.0
PARADEEP IN Equity,PARADEEP,43,0.9982456359090471,0.0
PARAG IN Equity,PARAGMILK,115,0.9979337552966904,0.0
PARAS IN Equity,PARAS,50,0.9997247966529497,0.0
PATANJAL IN Equity,PATANJALI,71,0.9999898445855572,0.0
PAYTM IN Equity,PAYTM,49,0.9999920947015676,0.0
PBL IN Equity,PLASTIBLEN,228,0.9821782572477814,0.0
PCBL IN Equity,PCBL,251,0.9997814411965307,0.0001
PCCP IN Equity,PUNJABCHEM,225,0.9917269790176919,0.0
PCFL IN Equity,SHREEPUSHK,123,0.9998263512104655,0.0
PCJL IN Equity,PCJEWELLER,156,0.9981888461969884,0.0003
PDSL IN Equity,PDSL,134,0.9994321156521464,0.0
PEBS IN Equity,PENPEBS,45,0.999354286705909,0.0
PEC IN Equity,PATELENG,250,0.9942383638848994,0.0001
PENL IN Equity,PENINLAND,234,0.9514558772746647,0.0
PEPL IN Equity,PRESTIGE,182,0.9995894560504339,0.0
PFIZ IN Equity,PFIZER,251,0.9997554085782355,0.0
PG IN Equity,PGHH,251,0.9983125411379055,0.0
PGEL IN Equity,PGEL,171,0.9999638574281533,0.0001
PGHL IN Equity,PGHL,217,0.998685608682427,0.0
PGIL IN Equity,PGIL,226,0.9917137461642364,0.0
PHLL IN Equity,PHOENIXLL,102,0.998388685338014,0.0
PHNX IN Equity,PHOENIXLTD,224,0.909323596444583,0.0
PI IN Equity,PIIND,174,0.9993182647017167,0.0
PIDI IN Equity,PIDILITIND,251,0.7273394574513965,0.0
PIEL IN Equity,PEL,207,0.9995399403556021,0.0
PIICL IN Equity,PILANIINVS,161,0.9937982718885404,0.0
PIRA IN Equity,PIRGLASS,74,0.988022868101294,0.0
PIRPHARM IN Equity,PPLPHARMA,38,0.9993118551207338,0.0
PITTIENG IN Equity,PITTIENG,226,0.9962668179188845,0.0001
PIX IN Equity,PIXTRANS,44,0.9997026189896412,0.0
PJSB IN Equity,PSB,180,0.9999393885505048,0.0001
PKI IN Equity,PRAKASH,251,0.9992135778406963,0.0
PLM IN Equity,POLYMED,168,0.9989877872960191,0.0
PLNG IN Equity,PETRONET,251,0.9987765670323079,0.0
PNB IN Equity,PNB,251,0.999373820380194,0.0
PNBHOUSI IN Equity,PNBHOUSING,109,0.9921729997155224,0.0
PNCB IN Equity,PANACEABIO,251,0.997074003754176,0.0
PNCL IN Equity,PNCINFRA,127,0.999540621085642,0.0
PNPC IN Equity,PANAMAPET,171,0.9978417751580495,0.0
POCL IN Equity,POCL,33,0.9940637221265908,0.0
PODDAR IN Equity,PODDARHOUS,98,0.999999989274089,0.0
POKR IN Equity,POKARNA,113,0.9997607643257811,0.0
POL IN Equity,POLARIS,162,0.997297568446429,0.0
POLICYBZ IN Equity,POLICYBZR,49,0.9978795221151928,0.0
POLYCAB IN Equity,POLYCAB,80,0.9986824460421493,0.0
POONAWAL IN Equity,POONAWALLA,251,0.9993466920817454,0.0
POWERIND IN Equity,POWERINDIA,69,0.9984814563411858,0.0
POWF IN Equity,PFC,226,0.999846761102354,0.0001
POWM IN Equity,POWERMECH,124,0.9998715132436153,0.0
PPAP IN Equity,PPAP,215,0.9986906188064952,0.0
PPC IN Equity,POLYPLEX,251,0.9999599610595697,0.0
PPG IN Equity,PODDARMENT,109,0.9993579234702072,0.0
PPHL IN Equity,PIRPHYTO,139,0.9784787231583965,0.0
PRABHAT IN Equity,PRABHAT,67,0.9998879574520925,0.0
PRAKPIPE IN Equity,PPL,78,0.9997480720603474,0.0
PRAXIS IN Equity,PRAXIS,95,0.9560823100606803,0.0001
PRE IN Equity,PREMEXPLN,114,0.9997581149897855,0.0
PRECAM IN Equity,PRECAM,118,0.9991722343193966,0.0
PRICOL IN Equity,PRICOLLTD,106,0.9952243520347367,0.0
PRIF IN Equity,PFOCUS,234,0.9965492108150281,0.0
PRIL IN Equity,PRATIBHA,159,0.9780635702506167,0.0
PRINCPIP IN Equity,PRINCEPIPE,72,0.9997125721919821,0.0
PRIVISCL IN Equity,PRIVISCL,127,0.998089957947268,0.0
PRJ IN Equity,PRAJIND,251,0.8837148613452579,0.0
PRMC IN Equity,PARACABLES,227,0.9947567384191044,0.0
PROZONER IN Equity,PROZONER,159,0.9985248173179994,0.0
PRSMJ IN Equity,PRSMJOHNSN,251,0.9976291770117977,0.0
PRTM IN Equity,PRECOT,229,0.9984861849381449,0.0
PRUDENT IN Equity,PRUDENT,43,0.999527277123142,0.0
PSEC IN Equity,PRIMESECU,246,0.9874899343776596,0.0001
PSL IN Equity,PENIND,181,0.9997498481801389,0.0
PSLL IN Equity,PSL,189,0.9989095145051369,0.0
PSPPL IN Equity,PSPPROJECT,103,0.9994323667742782,0.0
PSYS IN Equity,PERSISTENT,188,0.9996721338096521,0.0
PTCIF IN Equity,PFS,177,0.9998311565440062,0.0002
PTCIL IN Equity,PTCIL,30,0.9998400156698842,0.0
PTCIN IN Equity,PTC,251,0.9994442800475192,0.0001
PTEC IN Equity,PETRONENGG,181,0.9850644963122184,0.0
PTLE IN Equity,PTL,227,0.9736606478765725,0.0002
PUNJ IN Equity,PUNJLLOYD,201,0.9995820244719219,0.0
PURVA IN Equity,PURVA,220,0.999973164163863,0.0
PVRINOX IN Equity,PVRINOX,239,0.9997072270452224,0.0
PWGR IN Equity,POWERGRID,218,0.9999429731408822,0.0001
QUESS IN Equity,QUESS,113,0.9998906144203803,0.0
QUICKHEA IN Equity,QUICKHEAL,118,0.9993308145369197,0.0
RADIANTC IN Equity,RADIANTCMS,35,0.9993903260871051,0.0
RADIOCIT IN Equity,RADIOCITY,105,0.9953699229267323,0.0
RAI IN Equity,RICOAUTO,251,0.9984075356252181,0.0001
RAILTEL IN Equity,RAILTEL,58,0.9920757491532377,0.0
RAINBOW IN Equity,RAINBOW,43,0.9961994681947162,0.0
RALI IN Equity,RALLIS,251,0.9968197270971221,0.0
RAMCO IN Equity,RAMCOIND,251,0.9072196862155202,0.0
RASTL IN Equity,RAMASTEEL,123,0.9975225598214144,0.0011
RATEGAIN IN Equity,RATEGAIN,48,0.9988229687496009,0.0
RATI IN Equity,RTNINDIA,161,0.9999435220076734,0.0
RAVINDER IN Equity,RVHL,60,0.9987903271856508,0.0
RBA IN Equity,RBA,60,0.9944812564340972,0.0
RBK IN Equity,RBLBANK,112,0.9987773863830695,0.0
RBN IN Equity,RBN,43,0.9999630203155596,0.0
RBXY IN Equity,RANBAXY,123,0.9993558891305636,0.0
RCAPT IN Equity,RELCAPITAL,229,0.9995115735077627,0.0
RCF IN Equity,RCF,251,0.9973329833173812,0.0001
RCOM IN Equity,RCOM,234,0.9998722614924229,0.0
RDCK IN Equity,RADICO,251,0.9996915935172052,0.0
RECL IN Equity,RECLTD,213,0.9997502045097927,0.0001
REDI IN Equity,REDINGTON,226,0.99982549967722,0.0001
REDTAPE IN Equity,REDTAPE,28,0.9999994794231145,0.0
REFX IN Equity,REFEX,192,0.963209619195575,0.0005
RELG IN Equity,RELIGARE,217,0.9993310867338437,0.0
RELHOME IN Equity,RHFL,99,0.9992439746339942,0.0
RELI IN Equity,RELINFRA,211,0.9986340548573991,0.0
RELIANCE IN Equity,RELIANCE,251,0.8450892408164385,0.0
REPCO IN Equity,REPCOHOME,152,0.9997544732461559,0.0
REPR IN Equity,REPRO,240,0.9998084093739188,0.0
RGW IN Equity,RAJRATAN,67,0.9994869205379335,0.0
RHIM IN Equity,RHIM,165,0.9987085955954929,0.0
RHL IN Equity,RANEHOLDIN,244,0.9987275252589621,0.0
RINDL IN Equity,RAIN,213,0.9879189060590832,0.0
RISHABH IN Equity,RISHABH,27,0.9999899273201903,0.0
RITE IN Equity,RITES,89,0.997556803847507,0.0
RJEX IN Equity,RAJESHEXPO,251,0.9413658490664814,0.0
RJPM IN Equity,RAJPALAYAM,61,0.9941803540501158,0.0
RJS IN Equity,RSWM,231,0.9876858444625002,0.0
RLXF IN Equity,RELAXO,174,0.9994369035822956,0.0
RMCL IN Equity,RMCL,193,0.9766889429889779,0.0
RMCS IN Equity,RAMCOSYS,251,0.9975747817497425,0.0
RMDA IN Equity,ADVANIHOTR,222,0.9167442238201329,0.0002
RMKF IN Equity,RKFORGE,251,0.9986104400500508,0.0001
RMKY IN Equity,RAMKY,182,0.9999068751334266,0.0
RML IN Equity,RML,244,0.9966518192252185,0.0
RMT IN Equity,RATNAMANI,235,0.9252944316062124,0.0
ROHL IN Equity,ROHLTD,238,0.9988990758073343,0.0
ROLEXRIN IN Equity,ROLEXRINGS,52,0.998528539918425,0.0
ROSSARI IN Equity,ROSSARI,65,0.9999714650947512,0.0
ROST IN Equity,ROSSELLIND,159,0.9917229013141434,0.0001
ROUTE IN Equity,ROUTE,63,0.9989221631603997,0.0
RPGL IN Equity,RPGLIFE,210,0.9998657273330794,0.0
RPP IN Equity,RPPINFRA,180,0.9987536118926881,0.0
RPSGVENT IN Equity,RPSGVENT,83,0.9999972154880089,0.0
RPWR IN Equity,RPOWER,214,0.9999370389376522,0.0
RRKABEL IN Equity,RRKABEL,27,0.9995047857724249,0.0
RSSC IN Equity,RAJSREESUG,251,0.996476859348684,0.0
RSYS IN Equity,RSYSTEMS,236,0.9985701590513301,0.0001
RTP IN Equity,ROTO,44,0.9879124052595731,0.0
RTPOW IN Equity,RTNPOWER,194,0.9998494897117446,0.0
RUCP IN Equity,RUCHIRA,228,0.9939148973478616,0.0001
RUSTOMJE IN Equity,RUSTOMJEE,37,0.9988394228635469,0.0
RVNL IN Equity,RVNL,80,0.9970577741380279,0.0
RW IN Equity,RAYMOND,251,0.9992265682781037,0.0
SADE IN Equity,SADBHAV,237,0.9995785013883927,0.0
SAIL IN Equity,SAIL,251,0.9985928215272071,0.0
SAK IN Equity,SAKSOFT,247,0.9892946278832714,0.0003
SAMHI IN Equity,SAMHI,27,0.9992688846731616,0.0
SAMMAANC IN Equity,SAMMAANCAP,149,0.9985963653982582,0.0
SANDHAR IN Equity,SANDHAR,92,0.9998760375750844,0.0
SANDUMA IN Equity,SANDUMA,27,0.9934234025466632,0.0
SANL IN Equity,SANOFI,251,0.9913065698586117,0.0
SANSERA IN Equity,SANSERA,51,0.9998196820099655,0.0
SAPH IN Equity,SHASUNPHAR,58,0.9999688130963696,0.0
SAPPHIRE IN Equity,SAPPHIRE,49,0.9917930632462514,0.0
SARE IN Equity,SAREGAMA,251,0.9970638803923578,0.0001
SASKEN IN Equity,SASKEN,243,0.9952664351962056,0.0
SATCH IN Equity,NITESHEST,114,0.9994101211486622,0.0
SATIN IN Equity,SATIN,124,0.9995051732565602,0.0
SAYAJIHO IN Equity,SAYAJIHOTL,29,0.5262719550291822,0.027
SBBJ IN Equity,SBBJ,94,0.8164840089532839,0.0
SBC IN Equity,SBCL,54,0.9989545813021334,0.0
SBFC IN Equity,SBFC,28,0.9993510245429758,0.0
SBICARD IN Equity,SBICARD,69,0.9997565624496969,0.0
SBILIFE IN Equity,SBILIFE,98,0.9999813315261401,0.0
SBIN IN Equity,SBIN,251,0.9990001666188307,0.0
SBMS IN Equity,MYSOREBANK,92,0.9938113189676296,0.0
SBTR IN Equity,SBT,93,0.674921297757665,0.0
SCHAND IN Equity,SCHAND,103,0.9999976144605349,0.0
SCHFL IN Equity,SCHAEFFLER,251,0.9993175969198534,0.0
SCHI IN Equity,SUDARSCHEM,236,0.9831201445580868,0.0
SCHN IN Equity,SCHNEIDER,165,0.9994567866027892,0.0
SCI IN Equity,SCI,251,0.9993275106035048,0.0
SCS IN Equity,SATYAMCOMP,102,0.9999225542515053,0.0
SCUF IN Equity,SHRIRAMCIT,211,0.9994622837852493,0.0
SDB IN Equity,SDBL,140,0.9895087635955219,0.0001
SEAM IN Equity,SEAMECLTD,251,0.9988392273078456,0.0
SECIS IN Equity,SIS,100,0.9994551294880683,0.0
SECURKLO IN Equity,SECURKLOUD,140,0.9998983928698283,0.0
SEL IN Equity,SUPRAJIT,250,0.8766726215689169,0.0
SEML IN Equity,SARDAEN,192,0.9991042957847692,0.0001
SENCO IN Equity,SENCO,29,0.9997184872121013,0.0
SEPC IN Equity,SEPC,214,0.9988412921964244,0.0001
SEQ IN Equity,VIYASH,117,0.9993048954396988,0.0
SESL IN Equity,SWELECTES,235,0.9995322418819693,0.0
SETC IN Equity,SETCO,113,0.9997627224167523,0.0
SEYA IN Equity,SEYAIND,77,0.9992271362931602,0.0
SF IN Equity,SUNDRMFAST,251,0.9998208180952165,0.0
SFCL IN Equity,SFCL,41,0.9989293483764315,0.0
SFL IN Equity,SFL,108,0.9999241161450201,0.0
SG IN Equity,SHANTIGEAR,251,0.9996731322888689,0.0
SGC IN Equity,SAGCEM,227,0.9923373481214219,0.0
SGM IN Equity,SANGHVIMOV,227,0.9985695699865926,0.0
SHALBY IN Equity,SHALBY,96,0.9993003651531649,0.0
SHANKARA IN Equity,SHANKARA,104,0.998916383706291,0.0
SHCR IN Equity,SHARDACROP,135,0.9994910390723972,0.0
SHEM IN Equity,SHEMAROO,134,0.9998464535529711,0.0
SHEP IN Equity,SHAILY,44,0.9974938665476968,0.0
SHFL IN Equity,SHRIRAMFIN,251,0.99491308751551,0.0
SHKL IN Equity,SHK,121,0.9983313196019667,0.0
SHMO IN Equity,SHARDAMOTR,123,0.9998771630750521,0.0
SHOP IN Equity,SHOPERSTOP,247,0.9971188045356395,0.0
SHP IN Equity,SHALPAINTS,213,0.9860469232009675,0.0
SHRIRAMP IN Equity,SHRIRAMPPS,48,0.9999514379564156,0.0
SHRS IN Equity,RENUKA,242,0.999756992326656,0.0
SHVK IN Equity,SHIVALIK,48,0.997768185890251,0.0
SHYAMMET IN Equity,SHYAMMETL,54,0.9970515402309613,0.0
SI IN Equity,SUPREMEIND,251,0.9991996026123757,0.0
SIB IN Equity,SOUTHBANK,251,0.9968407181092185,0.0003
SICALLOG IN Equity,SICALLOG,26,0.9943241150393749,0.0
SIEM IN Equity,SIEMENS,251,0.9301476169351973,0.0
SIGNATUR IN Equity,SIGNATURE,27,0.9999741705759356,0.0
SII IN Equity,SAFARI,75,0.9987508884286129,0.0
SIMP IN Equity,SIMPLEX,142,0.9997941636155783,0.0
SINF IN Equity,SIMPLEXINF,240,0.9651367971414756,0.0
SINP IN Equity,SADBHIN,123,0.9996095373013174,0.0
SINT IN Equity,SINTEX,209,0.973067404147013,0.0001
SINTEX IN Equity,SPTL,82,1.0,0.0
SIRCA IN Equity,SIRCA,77,0.9997488264059279,0.0
SISLTD IN Equity,SHAREINDIA,63,0.9995245757379032,0.0
SITINET IN Equity,SITINET,227,0.9999071487765704,0.0
SIYA IN Equity,SIYSIL,227,0.9995091031455778,0.0
SJET IN Equity,SPICEJET,45,0.9847896939363942,0.0
SJS IN Equity,SJS,49,0.999553411123568,0.0
SJVN IN Equity,SJVN,187,0.9984832813325132,0.0002
SKB IN Equity,GSKCONS,183,0.9946975385299508,0.0
SKF IN Equity,SKFINDIA,251,0.9987310446218872,0.0
SKIPPER IN Equity,SKIPPER,127,0.9998435764992277,0.0
SKPI IN Equity,SHAKTIPUMP,170,0.9987535667767113,0.0001
SKYGOLD IN Equity,SKYGOLD,35,0.9998048479551626,0.0
SLPA IN Equity,SHILPAMED,192,0.9997962400186926,0.0
SMLMAH IN Equity,SMLMAH,179,0.9992236818741813,0.0
SMSPH IN Equity,SMSPHARMA,226,0.9997399800578602,0.0001
SNDB IN Equity,SYNDIBANK,182,0.9998981451365183,0.0
SNGI IN Equity,SANGHIIND,234,0.9998587240400755,0.0
SNLL IN Equity,SNOWMAN,135,0.9996628420315835,0.0
SOBHA IN Equity,SOBHA,228,0.9998367707576555,0.0
SOG IN Equity,SABERORGAN,120,0.9999714103037527,0.0
SOIL IN Equity,SOLARINDS,200,0.9997859264918054,0.0
SOLARA IN Equity,SOLARA,90,0.9989475116039623,0.0
SOMC IN Equity,SOMANYCERA,225,0.9974750843896282,0.0
SONACOMS IN Equity,SONACOMS,54,0.9993450751412489,0.0
SOTL IN Equity,STLTECH,216,0.9954531921983686,0.0
SOUTHWES IN Equity,SOUTHWEST,80,0.9999676291663501,0.0
SPADV IN Equity,SPARC,221,0.9983879516498271,0.0
SPAL IN Equity,SPAL,112,0.9997927085688968,0.0
SPANDANA IN Equity,SPANDANA,76,0.9991734118980165,0.0
SPENCER IN Equity,SPENCERS,83,0.9999076934744968,0.0
SPET IN Equity,SPIC,251,0.9997235306190632,0.0001
SPII IN Equity,SUPREMEINF,216,0.9998840036792065,0.0
SPML IN Equity,SPMLINFRA,187,0.9983453959997195,0.0
SPPT IN Equity,SPLPETRO,43,0.9997668426928864,0.0
SPRL IN Equity,SHRIPISTON,114,0.9996863218054448,0.0
SRCM IN Equity,SHREECEM,251,0.998322225346777,0.0
SREI IN Equity,SREINFRA,157,0.9998798160033288,0.0
SRF IN Equity,SRF,251,0.9997288028825648,0.0
SRFN IN Equity,DENSO,40,0.9997352752736871,0.0
SRIK IN Equity,SRIPIPES,173,0.9997967733003645,0.0
SRIN IN Equity,SUNTECK,193,0.9998261157305517,0.0
SRL IN Equity,SPECIALITY,163,0.9997843627961503,0.0
SRPL IN Equity,SARLAPOLY,227,0.9901692485692947,0.0001
SRTY IN Equity,TVSSRICHAK,226,0.9998924705295399,0.0
SSKL IN Equity,KALAMANDIR,27,0.9985485469855733,0.0
SSOF IN Equity,SONATSOFTW,251,0.9993240339025263,0.0001
SSW IN Equity,SSWL,246,0.9992307053064411,0.0001
STARHEAL IN Equity,STARHEALTH,48,0.9997189061925508,0.0
STEC IN Equity,SOTL,196,0.99877767482122,0.0
STLCS IN Equity,STEELCAS,49,0.9999208869228107,0.0
STLT IN Equity,STER,103,0.9986029331044081,0.0
STOVEKRA IN Equity,STOVEKRAFT,58,0.9965513563914246,0.0
STR IN Equity,STAR,251,0.9998236520773149,0.0
STRCEM IN Equity,STARCEMENT,102,0.9997635148401581,0.0
STRT IN Equity,STERTOOLS,238,0.990312792693002,0.0
STYRENIX IN Equity,STYRENIX,209,0.9979803496416971,0.0
SUBR IN Equity,SUBROS,245,0.916347298243942,0.0
SUEL IN Equity,SUZLON,242,0.9995326825736547,0.0001
SUF IN Equity,SUNDARMFIN,251,0.9974161393439388,0.0
SULA IN Equity,SULA,36,0.999955459036305,0.0
SUMICHEM IN Equity,SUMICHEM,71,0.9992802917394307,0.0
SUMM IN Equity,SUMMITSEC,179,0.9610614745611427,0.0
SUNCLAY IN Equity,SUNCLAY,24,0.998411548961468,0.0
SUNDROP IN Equity,SUNDROP,251,0.9995856845396809,0.0
SUNF IN Equity,SUNFLAG,243,0.9993028282148975,0.0001
SUNP IN Equity,SUNPHARMA,251,0.997680853276963,0.0
SUNTV IN Equity,SUNTV,236,0.9989841953502332,0.0
SUPRIYA IN Equity,SUPRIYA,48,0.9999330737468423,0.0
SURAJEST IN Equity,SURAJEST,24,0.9999957445795861,0.0
SURYODAY IN Equity,SURYODAY,57,0.9997388570673955,0.0
SUTJ IN Equity,SUTLEJTEX,228,0.9956658532249598,0.0001
SVAT IN Equity,SHIVAMAUTO,229,0.9945901638176512,0.0001
SVLS IN Equity,SUVEN,251,0.9957099970229132,0.0003
SVOG IN Equity,SVOGL,143,0.9952406225250485,0.0
SWANCORP IN Equity,SWANCORP,163,0.99981584009524,0.0
SWE IN Equity,SWARAJENG,251,0.9993997020547495,0.0
SWH IN Equity,JSWHL,246,0.9995769022031178,0.0
SWSOLAR IN Equity,SWSOLAR,76,0.9999620368922238,0.0
SYIL IN Equity,STYLAMIND,52,0.9999994222025216,0.0
SYML IN Equity,SYMPHONY,174,0.8536886640185897,0.0
SYNG IN Equity,SYNGENE,124,0.9998239384368623,0.0
SYR IN Equity,SURYAROSNI,251,0.9995852797925285,0.0001
SYRMA IN Equity,SYRMA,40,0.9999593639539965,0.0
SZE IN Equity,SALZERELEC,120,0.9998296834280224,0.0
TAJG IN Equity,TAJGVK,251,0.9985676774886205,0.0
TAKE IN Equity,TAKE,220,0.9971719172637429,0.0
TALW IN Equity,TALWALKARS,130,0.9994528094901334,0.0
TALWGYM IN Equity,TALWGYM,33,0.9999999972056011,0.0
TANF IN Equity,TANFACIND,58,0.6234784920576053,0.0217
TANLA IN Equity,TANLA,227,0.9997276739772425,0.0001
TARAJ IN Equity,TARAJEWELS,81,0.9999511770688128,0.0
TARC IN Equity,TARC,60,0.987679751713397,0.0
TARIL IN Equity,TARIL,216,0.9998921517855747,0.0002
TARSONS IN Equity,TARSONS,49,0.9995712830517572,0.0
TATA IN Equity,TATASTEEL,242,0.9964029136116116,0.0001
TATACONS IN Equity,TATACONSUM,185,0.9993987654242622,0.0
TATAINVE IN Equity,TATAINVEST,245,0.9760559797739368,0.0001
TATASLPL IN Equity,TATASTLLP,226,0.9969884369238456,0.0
TATASTL IN Equity,TATASTLBSL,202,0.9997855499593571,0.0
TATATECH IN Equity,TATATECH,25,0.9971812092138626,0.0
TATVA IN Equity,TATVA,53,0.9962803900775303,0.0
TC IN Equity,THOMASCOOK,251,0.8880291857532194,0.0001
TCIEXP IN Equity,TCIEXP,108,0.9998903218690129,0.0
TCNSBR IN Equity,TCNSBRANDS,74,0.9999999999999996,0.0
TCO IN Equity,TATACOFFEE,213,0.9999272194475702,0.0
TCOM IN Equity,TATACOMM,214,0.9986132993330701,0.0
TCPL IN Equity,TCPLPACK,98,0.9999893463632881,0.0
TCS IN Equity,TCS,251,0.9998868459611263,0.0
TDPS IN Equity,TDPOWERSYS,171,0.9998536976001265,0.0001
TEAM IN Equity,TEAMLEASE,118,0.9996706733500438,0.0
TECHM IN Equity,TECHM,232,0.999904266160874,0.0
TECHNOE IN Equity,TECHNOE,84,0.9998715999187839,0.0
TEGA IN Equity,TEGA,48,0.9997998352096636,0.0
TEJASNET IN Equity,TEJASNET,102,0.999438840801194,0.0
TELX IN Equity,TATAELXSI,251,0.9985747283006111,0.0
TFCI IN Equity,TFCILTD,251,0.9991006168148668,0.0004
THEAL IN Equity,TREEHOUSE,172,0.9988146141812928,0.0
THEL IN Equity,THEJO,26,0.9931607983133127,0.0
THYROCAR IN Equity,THYROCARE,115,0.999483984908084,0.0
TICL IN Equity,TICL,26,0.997600436331897,0.0
TIIL IN Equity,TIIL,226,0.9970815068365552,0.0
TIINDIA IN Equity,TIINDIA,97,0.9999198437877942,0.0
TIL IN Equity,TIL,251,0.9994843231620192,0.0
TIME IN Equity,TIMETECHNO,222,0.999987735142379,0.0001
TIPSMUSI IN Equity,TIPSMUSIC,251,0.995612475708438,0.0005
TITAGARH IN Equity,TITAGARH,212,0.997947298902488,0.0
TJL IN Equity,THANGAMAYL,190,0.9994907660333904,0.0
TLNGR IN Equity,TI,185,0.999980908856899,0.0001
TMC IN Equity,TIRUMALCHM,251,0.9987562883970599,0.0001
TMCH IN Equity,THEMISMED,224,0.9946837724036344,0.0001
TMKN IN Equity,TIMKEN,226,0.9998719256064064,0.0
TML IN Equity,TATAMETALI,229,0.999898708341107,0.0
TMPV IN Equity,TMPV,251,0.9991173622430101,0.0
TMX IN Equity,THERMAX,251,0.848278481757715,0.0
TNNP IN Equity,TNPL,251,0.9994094817523087,0.0
TPRO IN Equity,TECPRO,66,0.7298210835972636,0.0
TPW IN Equity,TORNTPOWER,229,0.999937964593412,0.0
TPWR IN Equity,TATAPOWER,251,0.9993956867148618,0.0
TRACXN IN Equity,TRACXN,38,0.9998491402926805,0.0
TRANSWOR IN Equity,TRANSWORLD,236,0.9981187525239883,0.0
TRCL IN Equity,RAMCOCEM,251,0.9505416955870157,0.0
TRE IN Equity,TRIVENI,240,0.9793838669431668,0.0
TREL IN Equity,TREL,28,0.9982493470856203,0.0
TRENT IN Equity,TRENT,251,0.9983602144384367,0.0
TRF IN Equity,TRF,191,0.999962702804134,0.0
TRID IN Equity,TRIDENT,175,0.9963973418754944,0.0005
TRIV IN Equity,TRITURBINE,170,0.9999005331533491,0.0
TRP IN Equity,TORNTPHARM,251,0.9992959592394,0.0
TRPC IN Equity,TCI,251,0.9964232007719457,0.0
TRU IN Equity,TRU,43,0.9908764912751815,0.0
TSFINV IN Equity,TSFINV,93,0.9964327279271289,0.0
TSTY IN Equity,TASTYBITE,105,0.99971328799235,0.0
TTAN IN Equity,TITAN,251,0.9978187510866738,0.0
TTCH IN Equity,TATACHEM,251,0.9998357685066052,0.0
TTKP IN Equity,TTKHLTCARE,180,0.9993987609763828,0.0
TTKPT IN Equity,TTKPRESTIG,251,0.9991870001047625,0.0
TV18 IN Equity,TV18BRDCST,197,0.9957538219073901,0.0
TVSHLTD IN Equity,TVSHLTD,158,0.9983086989259247,0.0
TVSL IN Equity,TVSMOTOR,251,0.999466699325467,0.0
TVSSCS IN Equity,TVSSCS,28,0.9988508227515478,0.0
TVTN IN Equity,TVTODAY,251,0.9996296778664813,0.0
TXM IN Equity,TEXINFRA,251,0.998387894584655,0.0001
TXMRE IN Equity,TEXRAIL,177,0.9975040143657917,0.0001
UB IN Equity,UBHOLDINGS,118,0.9999988014807856,0.0
UBBL IN Equity,UBL,209,0.9998980017433486,0.0
UCO IN Equity,UCOBANK,251,0.9998026907925884,0.0001
UDS IN Equity,UDS,26,0.9800727019840255,0.0
UFBL IN Equity,UFBL,56,0.9854899259668629,0.0
UFLX IN Equity,UFLEX,224,0.9995347137929966,0.0
UFOM IN Equity,UFO,127,0.9981884399661933,0.0
UGRO IN Equity,UGROCAP,52,0.9993651517490507,0.0
UIP IN Equity,UNITY,179,0.9848119948304612,0.0
UJJIVAN IN Equity,UJJIVAN,96,0.9999408125798455,0.0
UJJIVANS IN Equity,UJJIVANSFB,72,0.9999988365126826,0.0001
UL IN Equity,UNICHEMLAB,251,0.99961439660188,0.0
UNBK IN Equity,UNIONBANK,251,0.9998418477362103,0.0
UNIP IN Equity,UNIPLY,170,0.9820813381163374,0.0003
UNIPARTS IN Equity,UNIPARTS,36,0.9998209260385137,0.0
UNITDSPR IN Equity,UNITDSPR,251,0.9999327133150965,0.0
UNOMINDA IN Equity,UNOMINDA,226,0.9970834173444557,0.0001
UNTDB IN Equity,UNITEDBNK,120,0.9999682432235014,0.0
UPLL IN Equity,UPL,251,0.8817651048457569,0.0
USM IN Equity,USHAMART,251,0.9996814817775996,0.0001
UT IN Equity,UNITECH,251,0.9741517735354955,0.0
UTCEM IN Equity,ULTRACEMCO,251,0.9961699549073446,0.0
UTIAM IN Equity,UTIAMC,62,0.9998316779427238,0.0
UTKARSHB IN Equity,UTKARSHBNK,29,0.9450744724597597,0.0001
UVC IN Equity,UNIVCABLES,251,0.9901581998674479,0.0
VAMP IN Equity,VOLTAMP,231,0.9998128911741706,0.0
VARROC IN Equity,VARROC,89,0.9980302344204003,0.0
VATW IN Equity,WABAG,180,0.9992551813532597,0.0
VBL IN Equity,VBL,109,0.9997545403895591,0.0
VCL IN Equity,VISHNU,129,0.9994132928007671,0.0
VDI IN Equity,VADILALIND,174,0.9995218786449158,0.0
VEDL IN Equity,VEDL,251,0.9303143518389796,0.0001
VEEDOL IN Equity,VEEDOL,227,0.9996470920887056,0.0
VENUSPIP IN Equity,VENUSPIPES,43,0.9959230434627973,0.0
VERANDA IN Equity,VERANDA,44,0.9999534047933102,0.0
VGM IN Equity,VAIBHAVGBL,251,0.9999555842440394,0.0001
VGRD IN Equity,VGUARD,213,0.9995391369131946,0.0
VI IN Equity,VESUVIUS,251,0.9992916925486954,0.0001
VIJAYA IN Equity,VIJAYA,51,0.9950914272341723,0.0
VILA IN Equity,VIVIMEDLAB,215,0.9996292784841155,0.0
VIP IN Equity,VIPIND,251,0.9991564022700219,0.0
VISHWARA IN Equity,VISHWARAJ,74,0.9973012827579149,0.0001
VJYBK IN Equity,VIJAYABANK,170,0.9996420291963821,0.0001
VKI IN Equity,VAKRANGEE,236,0.9998479931690798,0.0001
VL IN Equity,VIMTALABS,240,0.9616521166557037,0.0001
VMART IN Equity,VMART,154,0.9989658420415053,0.0
VO IN Equity,VINATIORGA,197,0.7657515377322631,0.0
VOLT IN Equity,VOLTAS,251,0.9999003435045503,0.0
VORG IN Equity,VALIANTORG,62,0.9999937010082245,0.0
VPRPL IN Equity,VPRPL,27,0.9543422698892317,0.0
VREL IN Equity,V2RETAIL,221,0.996193681691787,0.0
VRLL IN Equity,VRLLOG,128,0.9996543138479067,0.0
VSCN IN Equity,VASCONEQ,190,0.9998734975184905,0.0001
VSKI IN Equity,VISAKAIND,251,0.9987014340480717,0.0001
VSSL IN Equity,VSSL,163,0.9779731849229617,0.0001
VST IN Equity,VSTIND,251,0.9952697160771072,0.0
VSTT IN Equity,VSTTILLERS,174,0.9982218034647088,0.0
VT IN Equity,VINDHYATEL,251,0.9970677184434023,0.0
VTEX IN Equity,VTL,230,0.9995932049663896,0.0
VYSB IN Equity,INGVYSYABK,116,0.997647387187707,0.0
WANB IN Equity,WANBURY,227,0.9995711775776088,0.0
WCPM IN Equity,WSTCSTPAPR,251,0.9148179259874913,0.0
WELENT IN Equity,WELENT,179,0.9999782912094316,0.0
WELSPUNL IN Equity,WELSPUNLIV,251,0.9993876488909458,0.0001
WESTLIFE IN Equity,WESTLIFE,76,0.9997662019840661,0.0
WH IN Equity,VENKEYS,251,0.9995652173964731,0.0
WHIRL IN Equity,WHIRLPOOL,191,0.9996760881147024,0.0
WHL IN Equity,WHEELS,251,0.9581349622595863,0.0
WINDLAS IN Equity,WINDLAS,52,0.9998126299957304,0.0
WLCO IN Equity,WELCORP,187,0.9993649636627008,0.0
WNDT IN Equity,WENDT,232,0.9972444005652522,0.0
WONH IN Equity,WONDERLA,139,0.9993236202000869,0.0
WPL IN Equity,WOCKPHARMA,251,0.9991804835064817,0.0
WPRO IN Equity,WIPRO,251,0.999850567958633,0.0
WYH IN Equity,WYETH,99,0.9987441702865406,0.0
XELP IN Equity,XELPMOC,82,0.9998339538435531,0.0
XPRO IN Equity,XPROINDIA,251,0.9991832264821503,0.0001
YASHO IN Equity,YASHO,28,0.983548007525955,0.0
YATHARTH IN Equity,YATHARTH,28,0.9991350702529421,0.0
YATRA IN Equity,YATRA,27,0.9997761559477517,0.0
YES IN Equity,YESBANK,245,0.9994841351563043,0.0
YI IN Equity,YUKEN,51,0.9954579768258806,0.0
Z IN Equity,ZEEL,226,0.9997063540096617,0.0
ZAGGLE IN Equity,ZAGGLE,27,0.9999992931848153,0.0
ZCVCS IN Equity,ZFCVINDIA,206,0.9986201329958465,0.0
ZDC IN Equity,ZODIACLOTH,251,0.9962169798921666,0.0
ZEEN IN Equity,ZEEMEDIA,227,0.9580361818840633,0.0
ZEN IN Equity,ZENTEC,129,0.9999449492467989,0.0
ZENT IN Equity,ZENSARTECH,251,0.9995903546475812,0.0
ZLL IN Equity,ZEELEARN,180,0.9869848781334992,0.0
ZOTA IN Equity,ZOTA,76,0.997483722483473,0.0
ZSS IN Equity,ZICOM,184,0.999848423000988,0.0
ZUAC IN Equity,ZUARI,157,0.9974317860906322,0.0
ZUARIIND IN Equity,ZUARIIND,251,0.9853393016252903,0.0
ZYDUSLIF IN Equity,ZYDUSLIFE,251,0.9921703089977834,0.0
ZYWL IN Equity,ZYDUSWELL,193,0.9980122076253451,0.0
