co_code,vst_id,id_conf,vid_name,nse_symbol
66008,VST00989,high,360 ONE WAM Ltd,360ONE
2096,VST02008,high,3M India Ltd,3MINDIA
68848,VST01192,high,5Paisa Capital Ltd,5PAISA
4756,VST02684,high,63 Moons Technologies Ltd,63MOONS
45828,VST00661,high,AAVAS Financiers Ltd,AAVAS
242,VST02017,high,ABB India Ltd,ABB
6,VST02028,high,ACC Ltd,ACC
71636,VST01201,high,ACME Solar Holdings Ltd,ACMESOLAR
2416,VST02035,high,ADF Foods Ltd,ADFFOODS
250,VST02957,high,AGI Greenpac Ltd,AGI
40452,VST01153,high,AGS Transact Technologies Ltd,AGSTRA
22825,VST02058,high,AIA Engineering Ltd,AIAENG
24705,VST02721,high,AJR Infra & Tolling Ltd,AJRINFRA
12334,VST01292,high,APL Apollo Tubes Ltd,APLAPOLLO
42712,VST01026,high,ASK Automotive Ltd,ASKAUTOLTD
34695,VST01614,high,AU Small Finance Bank Ltd,AUBANK
77804,VST00495,high,AWFIS Space Solutions Ltd,AWFIS
20696,VST01290,high,AWL Agri Business Ltd,AWL
21304,VST02216,high,AXISCADES Technologies Ltd,AXISCADES
14236,VST01531,high,Aadhar Housing Finance Ltd,AADHARHFC
2975,VST02011,high,Aarti Drugs Ltd,AARTIDRUGS
2378,VST02012,high,Aarti Industries Ltd,AARTIIND
75909,VST00399,high,Aarti Pharmalabs Ltd,AARTIPHARM
73396,VST00268,high,Aarti Surfactants Ltd,AARTISURF
59662,VST00661,high,Aawas Finance Ltd,AAVAS
1093,VST02014,high,Aban Offshore Ltd,ABAN
90,VST02019,high,Abbott India Ltd,ABBOTINDIA
14927,VST03192,review,Accelya Solutions India Ltd,ACCELYA
27338,VST02029,high,Action Construction Equipment Ltd,ACE
73056,VST00019,high,Ami Organics Ltd,ACUTAAS
66273,VST01593,high,Adani Energy Solutions Ltd,ADANIENSOL
4244,VST02032,high,Adani Enterprises Ltd,ADANIENT
70666,VST00854,high,Adani Green Energy Ltd,ADANIGREEN
21281,VST03494,review,Adani Ports & Special Economic Zone Ltd,ADANIPORTS
71720,VST02034,high,Adani Power (Mundra) Ltd,ADANIPOWER
17808,VST02034,high,Adani Power Ltd,ADANIPOWER
39108,VST00898,high,Adani Total Gas Ltd,ATGL
27257,VST02036,high,Adhunik Metaliks Ltd,ADHUNIK
40903,VST01265,high,Aditya Birla Capital Ltd,ABCAPITAL
40912,VST01232,high,Aditya Birla Fashion & Retail Ltd,ABFRL
92996,VST00555,high,Aditya Birla Lifestyle Brands Ltd,ABLBL
285,VST02025,high,Aditya Birla Nuvo Ltd(Merged),ABIRLANUVO
40905,VST01265,high,Aditya Birla PE Advisors Pvt Ltd,ABCAPITAL
107,VST02418,review,Century Textiles & Industries Ltd,ABREL
20665,VST00902,high,Aditya Birla Sun Life AMC Ltd,ABSLAMC
43524,VST01449,high,Aditya Infotech Ltd,CPPLUS
69335,VST01270,high,Aditya Vision Ltd,AVL
799,VST02039,high,Ador Welding Ltd,ADOR
19816,VST01469,high,Advanced Enzyme Technologies Ltd,ADVENZYMES
1467,VST02041,high,Advani Hotels & Resorts (India) Ltd,ADVANIHOTR
23457,VST02043,high,Advanta Ltd(Merged),ADVANTA
9,VST02044,high,Aegis Logistics Ltd,AEGISLOG
74261,VST00358,high,Aegis Vopak Terminals Ltd,AEGISVOPAK
34305,VST00101,high,Aeroflex Industries Ltd,AEROFLEX
76355,VST00296,high,Aether Industries Ltd,AETHER
6437,VST00487,high,Afcons Infrastructure Ltd,AFCONS
73060,VST00043,high,Affle India Ltd,AFFLE
2146,VST02191,high,Agro Tech Foods Ltd,SUNDROP
7310,VST02054,high,Ahluwalia Contracts (India) Ltd,AHLUCONT
13504,VST02062,high,Ajanta Pharma Ltd,AJANTPHARM
82794,VST00737,high,Ajax Engineering Ltd,AJAXENGG
3971,VST01089,high,AksharChem (India) Ltd,AKSHARCHEM
34484,VST00273,high,Akums Drugs & Pharmaceuticals Ltd,AKUMS
266,VST02068,high,Akzo Nobel India Ltd,JSWDULUX
632,VST02073,high,Alembic Ltd,ALEMBICLTD
40294,VST01557,high,Alembic Pharmaceuticals Ltd,APLLTD
5951,VST02075,high,Alicon Castalloy Ltd,ALICON
75599,VST00134,high,Glenmark Life Sciences Ltd,ALIVUS
19299,VST01086,high,Alkem Laboratories Ltd,ALKEM
633,VST02077,high,Alkyl Amines Chemicals Ltd,ALKYLAMINE
5675,VST02069,high,Allahabad Bank(Merged),ALBK
14222,VST02734,high,Allcargo Gati Ltd,ACLGATI
27333,VST02078,high,Allcargo Logistics Ltd,ALLCARGO
76341,VST00415,high,Allcargo Terminals Ltd,ATL
68245,VST01115,high,Allied Blenders & Distillers Ltd,ABDL
24853,VST02080,high,Allsec Technologies Ltd,ALLDIGI
2110,VST02089,high,Amara Raja Energy & Mobility Ltd,ARE&M
45967,VST00866,high,Amber Enterprises India Ltd,AMBER
16020,VST02093,high,Ambika Cotton Mills Ltd,AMBIKCO
218,VST02094,high,Ambuja Cements Ltd,AMBUJACEM
17,VST02103,high,Amrutanjan Health Care Ltd,AMRUTANJAN
1255,VST02104,high,Amtek Auto Ltd,AMTEKAUTO
67729,VST00988,high,Anand Rathi Wealth Ltd,ANANDRATHI
1538,VST02108,high,Anant Raj Ltd,ANANTRAJ
5859,VST02109,high,Andhra Bank(Merged),ANDHRABANK
20,VST02134,high,Andhra Paper Ltd,ANDHRAPAP
2259,VST02112,high,Andhra Sugars Ltd,ANDHRSUGAR
38941,VST01331,high,Angel One Ltd,ANGELONE
33976,VST00310,high,Anthem Biosciences Ltd,ANTHEM
45888,VST00070,high,Antony Waste Handling Cell Ltd,AWHCL
6804,VST00766,high,Anup Engineering Ltd(Merged),ANUP
66893,VST01592,high,Anupam Rasayan India Ltd,ANURAS
2035,VST02125,high,Apar Industries Ltd,APARINDS
2706,VST02126,high,Apcotex Industries Ltd,APCOTEXIND
24029,VST01676,high,Apeejay Surrendra Park Hotels Ltd,PARKHOTELS
70330,VST00836,high,Apex Frozen Foods Ltd,APEX
636,VST02130,high,Apollo Hospitals Enterprise Ltd,APOLLOHOSP
71623,VST01307,high,Apollo Micro Systems Ltd,APOLLO
7159,VST00522,high,Apollo Pipes Ltd,APOLLOPIPE
23,VST02132,high,Apollo Tyres Ltd,APOLLOTYRE
8039,VST02139,high,Aptech Ltd,APTECHT
43079,VST01491,high,Aptus Value Housing Finance India Ltd,APTUS
68317,VST00528,high,Archean Chemical Industries Ltd,ACI
12476,VST02147,high,Aries Agro Ltd,ARIES
7101,VST01223,high,Arihant Superstructures Ltd,ARIHANTSUP
6070,VST00496,high,Arman Financial Services Ltd,ARMANFIN
3809,VST01131,high,Arrow Greentech Ltd,ARROWGREEN
2004,VST02157,high,Arshiya Ltd,ARSHIYA
34503,VST00103,high,Artemis Medicare Services Ltd,ARTEMISMED
72051,VST01625,high,Arvind Fashions Ltd,ARVINDFASN
75543,VST01627,high,Arvind Fashions Ltd Partly Paidup,AFL-RE
29,VST02161,high,Arvind Ltd,ARVIND
40790,VST00122,high,Arvind SmartSpaces Ltd,ARVSMART
1024,VST02165,high,Asahi India Glass Ltd,ASAHIINDIA
43397,VST00943,high,Ashapura Intimates Fashion Ltd,AIFL
3111,VST02167,high,Ashapura Minechem Ltd,ASHAPURMIN
2769,VST00856,high,Ashiana Housing Ltd,ASHIANA
31,VST02174,high,Ashok Leyland Ltd,ASHOKLEY
25513,VST02172,high,Ashoka Buildcon Ltd,ASHOKA
4983,VST00739,high,Asian Energy Services Ltd,ASIANENE
27798,VST02179,high,Asian Granito India Ltd,ASIANTILES
40111,VST02055,high,Asian Hotels (West) Ltd,AHLWEST
34,VST02178,high,Asian Paints Ltd,ASIANPAINT
4588,VST00209,high,Associated Alcohols & Breweries Ltd,ASALCBR
27594,VST02183,high,Astec Lifesciences Ltd,ASTEC
68392,VST01572,high,Aster DM Healthcare Ltd,ASTERDM
4472,VST02187,high,Astra Microwave Products Ltd,ASTRAMICRO
27655,VST02186,high,Astral Ltd,ASTRAL
39,VST02188,high,Astrazeneca Pharma India Ltd,ASTRAZEN
75556,VST00392,high,Ather Energy Ltd,ATHERENERG
14817,VST01617,high,Atul Auto Ltd,ATULAUTO
43,VST02198,high,Atul Ltd,ATUL
8040,VST02201,high,Aurionpro Solutions Ltd,AURIONPRO
4666,VST02202,high,Aurobindo Pharma Ltd,AUROPHARMA
45914,VST01552,high,Aurum Proptech Ltd,AURUM
31631,VST00645,high,Authum Investment & Infrastructure Ltd,AIIL
622,VST02205,high,Automotive Axles Ltd,AUTOAXLES
65810,VST00839,high,Avadh Sugar & Energy Ltd,AVADHSUGAR
77460,VST00391,high,Avalon Technologies Ltd,AVALON
20881,VST00006,high,Avantel Ltd,AVANTEL
3852,VST02211,high,Avanti Feeds Ltd,AVANTIFEED
40942,VST00602,high,Avenue Supermarts Ltd,DMART
5554,VST02217,high,Axis Bank Ltd,AXISBANK
92237,VST00112,high,Azad Engineering Ltd,AZAD
27242,VST02332,high,B.L.Kashyap & Sons Ltd,BLKASHYAP
59,VST02264,high,BASF India Ltd,BASF
75790,VST00412,high,BEML Land Assets Ltd,BLAL
2294,VST02282,high,BEML Ltd,BEML
35224,VST02287,high,BF Investment Ltd,BFINVEST
8037,VST02289,high,BF Utilities Ltd,BFUTILITIE
14871,VST02291,high,BGR Energy Systems Ltd,BGRENERGY
22535,VST00561,high,BLS International Services Ltd,BLS
21236,VST00511,high,BSE Ltd,BSE
76733,VST00076,high,Baazar Style Retail Ltd,STYLEBAAZA
28074,VST02225,high,Bajaj Auto Ltd,BAJAJ-AUTO
38716,VST02227,high,Bajaj Consumer Care Ltd,BAJAJCON
51,VST02228,review,Bajaj Electricals Ltd,BAJAJELEC
3722,VST02235,high,Bajaj Finance Ltd,BAJFINANCE
28075,VST02229,high,Bajaj Finserv Ltd,BAJAJFINSV
67906,VST00909,high,Bajaj Healthcare Ltd,BAJAJHCARE
249,VST02230,high,Bajaj Hindusthan Sugar Ltd,BAJAJHIND
50,VST02231,high,Bajaj Holdings & Investment Ltd,BAJAJHLDNG
67886,VST00873,high,Bajaj Housing Finance Ltd,BAJAJHFL
23496,VST02227,high,Bajaj Resources Ltd,BAJAJCON
76479,VST00387,high,Bajel Projects Ltd,BAJEL
5288,VST02241,high,Balaji Amines Ltd,BALAMINES
21321,VST02240,high,Balaji Telefilms Ltd,BALAJITELE
55,VST02244,high,Balkrishna Industries Ltd,BALKRISIND
65804,VST01517,high,Balkrishna Paper Mills Ltd,BALKRISHNA
56,VST02245,high,Ballarpur Industries Ltd,BALLARPUR
732,VST02246,high,Balmer Lawrie & Company Ltd,BALMLAWRIE
5142,VST01068,high,Balmer Lawrie Freight Containers Ltd,BLIL
2208,VST02248,high,Balrampur Chini Mills Ltd,BALRAMCHIN
991,VST02251,high,Banco Products (India) Ltd,BANCOINDIA
68090,VST01096,high,Bandhan Bank Ltd,BANDHANBNK
5456,VST02254,high,Bank of Baroda,BANKBARODA
5654,VST02256,high,Bank of India,BANKINDIA
5607,VST03359,high,Bank of Maharashtra,MAHABANK
57,VST02250,high,Bannari Amman Sugars Ltd,BANARISUG
25030,VST00290,high,Bansal Wire Industries Ltd,BANSALWIRE
33202,VST00875,high,Barbeque-Nation Hospitality Ltd,UFBL
60,VST02266,high,Bata India Ltd,BATAINDIA
62,VST02270,high,Bayer CropScience Ltd,BAYERCROP
38976,VST01548,high,Belrise Industries Ltd,BELRISE
64,VST02285,high,Berger Paints India Ltd,BERGEPAINT
7862,VST00163,high,Best Agrolife Ltd,BESTAGRO
5247,VST00846,high,Bhageria Industries Ltd,BHAGERIA
1214,VST02284,high,Bhansali Engineering Polymers Ltd,BEPL
68,VST02271,high,Bharat Bijlee Ltd,BBL
17540,VST00582,high,Bharat Dynamics Ltd,BDL
2298,VST02277,high,Bharat Electronics Ltd,BEL
29583,VST04065,high,Bharat Financial Inclusion Ltd(Merged)),BHARATFIN
69,VST02295,high,Bharat Forge Ltd,BHARATFORG
2306,VST02302,high,Bharat Heavy Electricals Ltd,BHEL
2290,VST02353,high,Bharat Petroleum Corporation Ltd,BPCL
2777,VST02298,high,Bharat Rasayan Ltd,BHARATRAS
65437,VST01324,high,Bharat Road Network Ltd,BRNL
1138,VST00919,high,Bharat Seats Ltd,BHARATSE
66768,VST00792,high,Bharat Wire Ropes Ltd,BHARATWIRE
15542,VST02300,high,Bharti Airtel Ltd,BHARTIARTL
76174,VST00896,high,Bharti Airtel Ltd Partly Paidup,AIRTEL-RE
15330,VST00829,high,Bharti Hexacom Ltd,BHARTIHEXA
25811,VST00015,high,Bikaji Foods International Ltd,BIKAJI
4735,VST01673,high,Bilcare Ltd,BI
2385,VST02315,high,Binani Industries Ltd,BILVYAPAR
14801,VST02318,high,Biocon Ltd,BIOCON
77,VST02321,high,Birla Corporation Ltd,BIRLACORPN
20573,VST03275,high,Birlasoft (India) Ltd(Merged),BSOFT
16541,VST03275,high,Birlasoft Ltd,BSOFT
1079,VST02048,high,Black Box Ltd,BBOX
79,VST02331,high,Bliss GVS Pharma Ltd,BLISSGVS
4177,VST02338,high,Blue Dart Express Ltd,BLUEDART
77761,VST00380,high,Blue Jet Healthcare Ltd,BLUEJET
20485,VST02341,high,Blue Star Infotech Ltd,BLUESTINFO
82,VST02340,high,Blue Star Ltd,BLUESTARCO
92846,VST00467,high,Bluspring Enterprises Ltd,BLUSPRING
3140,VST00824,high,Bodal Chemicals Ltd,BODALCHEM
84,VST02272,high,Bombay Burmah Trading Corporation Ltd,BBTC
85,VST02348,high,Bombay Dyeing & Manufacturing Company Ltd,BOMDYEING
73024,VST00115,high,Borosil Ltd,BOROLTD
92,VST01254,high,Borosil Renewables Ltd,BORORENEW
76484,VST00113,high,Borosil Scientific Ltd,BOROSCI
378,VST02352,high,Bosch Ltd,BOSCHLTD
68149,VST00116,high,Brainbees Solutions Ltd,FIRSTCRY
28294,VST02362,high,Brigade Enterprises Ltd,BRIGADE
69686,VST00133,high,Brigade Hotel Ventures Ltd,BRIGHOTEL
93,VST02363,high,Britannia Industries Ltd,BRITANNIA
40505,VST01238,high,Brooks Laboratories Ltd,BROOKS
3899,VST00769,high,Butterfly Gandhimathi Appliances Ltd,BUTTERFLY
27581,VST02388,high,C & C Constructions Ltd,CANDC
75882,VST00295,high,C.E. Info Systems Ltd,MAPMYINDIA
13090,VST01365,high,CARE Ratings Ltd,CARERATING
4907,VST02400,high,CCL Products (India) Ltd,CCL
104,VST02404,high,CEAT Ltd,CEATLTD
99,VST02421,high,CESC Ltd,CESC
125,VST02496,high,CG Power & Industrial Solutions Ltd,CGPOWER
27486,VST03363,high,CIE Automotive India Ltd,CIEINDIA
26994,VST00636,high,CL Educate Ltd,CLEDUCATE
2296,VST02457,high,CMC Ltd(Merged),CMC
2912,VST01666,high,CMI Ltd,CMICABLES
44662,VST01584,high,CMS Info Systems Ltd,CMSINFO
3265,VST02495,high,CRISIL Ltd,CRISIL
5525,VST01269,high,CSB Bank Ltd,CSBBANK
27603,VST02382,high,Cairn India Ltd(Merged),CAIRN
27793,VST00161,high,Camlin Fine Sciences Ltd,CAMLINFINE
76331,VST00744,high,Campus Activewear Ltd,CAMPUS
1223,VST02389,high,Can Fin Homes Ltd,CANFINHOME
5471,VST02387,high,Canara Bank,CANBK
35715,VST02390,high,Cantabil Retail India Ltd,CANTABIL
70490,VST00726,high,Capacite Infraprojects Ltd,CAPACITE
28364,VST02676,high,Capital First Ltd(Merged),CAPF
28131,VST01229,high,Capital Small Finance Bank Ltd,CAPITALSFB
4464,VST01001,high,Caplin Point Laboratories Ltd,CAPLIPOINT
12727,VST03449,high,Capri Global Capital Ltd,CGCL
103,VST02393,high,Carborundum Universal Ltd,CARBORUNIV
38565,VST02489,high,Career Point Ltd,CPCAP
7636,VST00477,high,Carraro India Ltd,CARRARO
65036,VST00756,high,Cartrade Tech Ltd,CARTRADE
1200,VST01012,high,Carysil Ltd,CARYSIL
292,VST00583,high,Castrol India Ltd,CASTROLIND
85110,VST00279,high,Ceigall India Ltd,CEIGALL
91835,VST00395,high,Cello World Ltd,CELLO
5539,VST02414,high,Central Bank of India,CENTRALBK
20139,VST01338,high,Central Depository Services (India) Ltd,CDSL
1679,VST01247,high,Centrum Capital Ltd,CENTRUM
4488,VST02415,high,Centum Electronics Ltd,CENTUM
106,VST02411,high,Century Enka Ltd,CENTENKA
15783,VST02417,high,Century Plyboards (India) Ltd,CENTURYPLY
22648,VST02420,high,Cera Sanitaryware Ltd,CERA
25902,VST00942,high,Chalet Hotels Ltd,CHALET
3029,VST02424,high,Chambal Fertilisers & Chemicals Ltd,CHAMBLFERT
74485,VST00138,high,Chemcon Speciality Chemicals Ltd,CHEMCON
2038,VST01020,high,Chemplast Sanmar Ltd,CHEMPLASTS
2339,VST02430,high,Chennai Petroleum Corporation Ltd,CHENNPETRO
6428,VST00488,high,Choice International Ltd,CHOICEIN
573,VST00552,review,Cholamandalam Financial Holdings Ltd,CHOLAHLDNG
2163,VST02439,high,Cholamandalam Investment & Finance Company Ltd,CHOLAFIN
21335,VST01266,high,Cigniti Technologies Ltd,CIGNITITEC
114,VST02448,high,Cipla Ltd,CIPLA
7015,VST02499,high,City Union Bank Ltd,CUB
66797,VST00689,high,Clean Science & Technology Ltd,CLEAN
12019,VST02458,high,Coal India Ltd,COALINDIA
5762,VST01297,high,Cochin Shipyard Ltd,COCHINSHIP
54778,VST00818,high,Coffee Day Enterprises Ltd,COFFEEDAY
24978,VST03579,high,Coforge Ltd,COFORGE
74679,VST00135,high,Suven Pharmaceuticals Ltd,COHANCE
118,VST02465,high,Colgate-Palmolive (India) Ltd,COLPAL
47716,VST01167,high,Computer Age Management Services Ltd,CAMS
72610,VST00826,high,Concord Biotech Ltd,CONCORDBIO
77163,VST00125,high,Concord Enviro Systems Ltd,CEWATER
4722,VST01113,high,Confidence Petroleum India Ltd,CONFIPET
25008,VST02398,high,Consolidated Construction Consortium Ltd,CCCL
12607,VST02470,high,Container Corporation Of India Ltd,CONCOR
3319,VST01250,high,Control Print Ltd,CONTROLPR
123,VST02484,high,Coromandel International Ltd,COROMANDEL
5445,VST02486,review,Corporation Bank(Merged),CORPBANK
124,VST02487,high,Cosmo First Ltd,COSMOFIRST
5492,VST02488,high,Cox & Kings Ltd,COX&KINGS
27871,VST00026,high,Craftsman Automation Ltd,CRAFTSMAN
37419,VST01347,high,CreditAccess Grameen Ltd,CREDITACC
40267,VST00672,high,Credo Brands Marketing Ltd,MUFTI
92959,VST00459,high,Crizac Ltd,CRIZAC
65733,VST00775,high,Crompton Greaves Consumer Electricals Ltd,CROMPTON
337,VST02501,high,Cummins India Ltd,CUMMINSIND
30070,VST00168,high,Cyient DLM Ltd,CYIENTDLM
13660,VST03055,high,Cyient Ltd,CYIENT
28589,VST02522,high,D B Corp Ltd,DBCORP
2955,VST02577,high,D S Kulkarni Developers Ltd,DSKULKARNI
31785,VST02567,high,D-Link India Ltd,DLINKINDIA
71563,VST00729,high,D.P. Abhushan Ltd,DPABHUSHAN
14602,VST02524,high,DCB Bank Ltd,DCBBANK
17455,VST02530,high,DCM Engineering Ltd(Merged),DCMSHRIRAM
2337,VST02530,high,DCM Shriram Ltd,DCMSHRIRAM
76686,VST00384,high,DCX Systems Ltd,DCXINDIA
34369,VST01474,high,DEE Development Engineers Ltd,DEEDEV
4648,VST00980,high,DFM Foods Ltd,DFMFOODS
6890,VST02565,high,DLF Ltd,DLF
35611,VST02572,high,DQ Entertainment International Ltd,DQE
78986,VST01906,high,DSP Gold ETF,GOLDADD
3392,VST02509,high,Dabur India Ltd,DABUR
70921,VST00035,high,Dalmia Bharat Ltd,DALBHARAT
38925,VST02514,high,Dalmia Bharat Ltd(Merged),DALMIABHA
131,VST02516,high,Dalmia Bharat Sugar & Industries Ltd,DALMIASUG
22241,VST00035,review,Dalmia Cement (Bharat) Ltd,DALBHARAT
12067,VST00748,high,Dam Capital Advisors Ltd,DAMCAPITAL
39972,VST00360,high,Data Patterns (India) Ltd,DATAPATTNS
39979,VST00360,high,Data Patterns (India) Pvt Ltd(merged),DATAPATTNS
21187,VST02518,high,Datamatics Global Services Ltd,DATAMATICS
134,VST02533,high,Deccan Cements Ltd,DECCANCE
24440,VST02540,high,Deep Energy Resources Ltd,DEEPENR
135,VST02536,high,Deepak Fertilizers & Petrochemicals Corp Ltd,DEEPAKFERT
136,VST02538,high,Deepak Nitrite Ltd,DEEPAKNTR
68151,VST00551,high,Delhivery Ltd,DELHIVERY
41315,VST01320,high,Delphi World Money Ltd,DELPHIFX
17211,VST02541,high,Delta Corp Ltd,DELTACORP
35066,VST02543,high,Den Networks Ltd,DEN
5533,VST02544,high,Dena Bank(Merged),DENABANK
856,VST02546,high,Denso India Ltd,DENSO
24609,VST01514,high,Devyani International Ltd,DEVYANI
2626,VST02552,high,Dhampur Sugar Mills Ltd,DHAMPURSUG
26780,VST02971,high,Dhani Services Ltd,DHANI
5523,VST02553,high,Dhanlaxmi Bank Ltd,DHANBANK
1774,VST00951,high,Dhanuka Agritech Ltd,DHANUKA
44085,VST02578,high,Dhunseri Tea & Industries Ltd,DTIL
737,VST02578,high,Dhunseri Ventures Ltd,DTIL
3225,VST01677,high,Diamond Power Infrastructure Ltd,DIACABS
25202,VST00590,high,Diffusion Engineers Ltd,DIFFNKG
74185,VST00131,high,Digicontent Ltd,DGCONTENT
76662,VST00439,high,Digidrive Distributors Ltd,DIGIDRIVE
92845,VST00468,high,Digitide Solutions Ltd,DIGITIDE
36662,VST01575,high,Dilip Buildcon Ltd,DBL
824,VST00534,high,Disa India Ltd,DISAQ
20631,VST02563,high,Dish TV India Ltd,DISHTV
67697,VST00881,high,Dishman Carbogen Amcis Ltd,DCAL
22130,VST02562,high,Dishman Pharmaceuticals and Chemicals Ltd(Merged),DISHMAN
75355,VST01367,high,Divgi Torqtransfer Systems Ltd,DIVGIITTS
21188,VST02564,high,Divis Laboratories Ltd,DIVISLAB
35727,VST01602,high,Dixon Technologies (India) Ltd,DIXON
41771,VST00095,high,Dodla Dairy Ltd,DODLA
3648,VST01642,high,Dolat Algotech Ltd,DOLATALGO
15362,VST00810,high,Dollar Industries Ltd,DOLLAR
84318,VST00802,high,Doms Industries Ltd,DOMS
4712,VST01599,high,Dr Agarwals Eye Hospital Ltd,DRAGARWQ
71013,VST01609,high,Dr Agarwals Health Care Ltd,AGARWALEYE
41261,VST01175,high,Dr Lal Pathlabs Ltd,LALPATHLAB
815,VST02576,high,Dr Reddys Laboratories Ltd,DRREDDY
76420,VST00372,high,Dreamfolks Services Ltd,DREAMFOLKS
2335,VST02574,high,Dredging Corporation of India Ltd,DREDGECORP
15825,VST02580,high,Dwarikesh Sugar Industries Ltd,DWARKESH
651,VST02582,high,Dynamatic Technologies Ltd,DYNAMATECH
72373,VST00715,high,E2E Networks Ltd,E2E
1690,VST01537,high,EFC (I) Ltd,EFCIL
148,VST02599,high,EID Parry (India) Ltd,EIDPARRY
1095,VST02600,high,EIH Associated Hotels Ltd,EIHAHOTELS
150,VST02601,high,EIH Ltd,EIHOTEL
2141,VST02618,high,EMCO Ltd,EMCO
78867,VST00429,high,EMS Ltd,EMSLIMITED
164,VST02645,high,EPL Ltd,EPL
66197,VST00906,high,ERIS Lifesciences Ltd,ERIS
32039,VST02639,high,ESL Steel Ltd,ESL
2447,VST02588,review,Easun Reyrolle Ltd,EASUNREYRL
74649,VST00223,high,Easy Trip Planners Ltd,EASEMYTRIP
69617,VST00197,high,Ecos (India) Mobility & Hospitality Ltd,ECOSMOBLTY
28229,VST02591,high,Edelweiss Financial Services Ltd,EDELWEISS
151,VST02597,high,Eicher Motors Ltd,EICHERMOT
2747,VST02602,high,Eimco Elecon (India) Ltd,EIMCOELECO
1231,VST00745,high,Elantas Beck India Ltd,ELANTAS
152,VST02605,high,Elecon Engineering Company Ltd,ELECON
75979,VST00118,high,Electronics Mart India Ltd,EMIL
154,VST02607,high,Electrosteel Castings Ltd,ELECTCAST
155,VST02611,high,Elgi Equipments Ltd,ELGIEQUIP
27925,VST00158,high,Elin Electronics Ltd,ELIN
23428,VST00696,high,Ellenbarrie Industrial Gases Ltd,ELLEN
6423,VST02617,high,Emami Ltd,EMAMILTD
15840,VST01459,high,Emami Paper Mills Ltd,EMAMIPAP
27800,VST02969,high,Indiabulls Real Estate Ltd,EMBDL
16966,VST00577,high,Emcure Pharmaceuticals Ltd,EMCURE
27297,VST02621,high,Emkay Global Financial Services Ltd,EMKAY
40457,VST01570,high,Endurance Technologies Ltd,ENDURANCE
12029,VST02626,high,Engineers India Ltd,ENGINERSIN
91925,VST00054,high,Entero Healthcare Solutions Ltd,ENTERO
25537,VST02627,high,Entertainment Network (India) Ltd,ENIL
77882,VST00394,high,Enviro Infra Engineers Ltd,EIEL
90914,VST00335,high,Epack Durable Ltd,EPACK
30111,VST00207,high,Epigral Ltd,EPIGRAL
34697,VST01675,high,Equitas Holdings Ltd,EQUITAS
43685,VST00185,high,Equitas Small Finance Bank Ltd,EQUITASBNK
37832,VST02634,high,Eros International Media Ltd,EROSMEDIA
1147,VST02635,high,Esab India Ltd,ESABINDIA
161,VST02637,high,Escorts Kubota Ltd,ESCORTS
68117,VST01377,high,Zomato Ltd,ETERNAL
29971,VST00154,high,Ethos Ltd,ETHOSLTD
43058,VST00381,high,Eureka Forbes Ltd,EUREKAFORB
578,VST02659,high,Eveready Industries India Ltd,EVEREADY
165,VST02660,high,Everest Industries Ltd,EVERESTIND
24993,VST02603,high,Everest Kanto Cylinder Ltd,EKC
17576,VST02663,high,Excel Crop Care Ltd(Merged),EXCELCROP
39628,VST01400,high,Exicom Tele-Systems Ltd,EXICOM
111,VST02667,high,Exide Industries Ltd,EXIDEIND
33432,VST04278,high,Expleo Solutions Ltd,EXPLEOSOL
72749,VST00336,high,Exxaro Tiles Ltd,EXXARO
14482,VST02678,high,FDC Ltd,FDC
75803,VST00886,high,FSN E-Commerce Ventures Ltd,NYKAA
74862,VST00319,high,Fairchem Organics Ltd,FAIRCHEMOR
14416,VST02678,high,Fairdeal Corporation Ltd,FDC
4808,VST01634,high,Faze Three Ltd,FAZE3Q
18903,VST00010,high,Fedbank Financial Services Ltd,FEDFINA
3709,VST02680,high,Federal Bank Ltd,FEDERALBNK
197,VST02695,high,Federal-Mogul Goetze (India) Ltd,FMGOETZE
146,VST00683,high,Fermenta Biotech Ltd,FERMENTA
2301,VST02669,high,Fertilizers & Chemicals Travancore Ltd,FACT
25040,VST02683,high,Fiem Industries Ltd,FIEMIND
3264,VST01444,high,Filatex India Ltd,FILATEX
65893,VST01277,high,Fine Organic Industries Ltd,FINEORG
29472,VST00144,high,Fineotex Chemical Ltd,FCL
75802,VST00114,high,Fino Payments Bank Ltd,FINOPB
171,VST02685,high,Finolex Cables Ltd,FINCABLES
1252,VST02686,high,Finolex Industries Ltd,FINPIPE
24882,VST02701,high,Firstsource Solutions Ltd,FSL
6468,VST00527,high,Five-Star Business Finance Ltd,FIVESTAR
73283,VST00046,high,Flair Writing Industries Ltd,FLAIR
53,VST00967,high,Force Motors Ltd,FORCEMOT
24049,VST02697,high,Fortis Healthcare Ltd,FORTIS
3317,VST02699,high,Foseco India Ltd,FOSECOIND
24759,VST02689,high,Fresenius Kabi Oncology Ltd,FKONCO
64977,VST00540,high,Fusion Micro Finance Ltd,FUSION
29335,VST00671,high,Future Consumer Ltd,FCONSUMER
2467,VST03671,high,Future Enterprises Ltd,FEL
36015,VST03776,high,Future Enterprises-DVR,FELDVR
43686,VST00972,high,Future Lifestyle Fashions Ltd,FLFL
40438,VST02050,high,Future Market Networks Ltd,FMNL
66042,VST01366,high,Future Retail Ltd,FRETAIL
39587,VST01604,high,Future Supply Chain Solutions Ltd,FSC
3240,VST02780,high,G M Breweries Ltd,GMBREW
35408,VST00637,high,G R Infraprojects Ltd,GRINFRA
12350,VST02716,high,GAIL (India) Ltd,GAIL
20944,VST02128,high,GE Power India Ltd,GVPIL
159,VST02145,high,GE T&D India Ltd,GVT&D
1128,VST02855,high,GFL Ltd,GFLLIMITED
1026,VST02757,high,GHCL Ltd,GHCL
75323,VST00432,high,GHCL Textiles Ltd,GHCLTEXTIL
4580,VST02759,high,GIC Housing Finance Ltd,GICHSGFIN
180,VST02768,high,GKW Ltd,GKWLIMITED
888,VST01087,high,GMM Pfaudler Ltd,GMMPFAUDLR
23039,VST02785,high,GMR Airports Infrastructure Ltd,GMRAIRPORT
75447,VST00309,high,GMR Power & Urban Infra Ltd,GMRP&UI
34142,VST01600,high,GNA Axles Ltd,GNA
91822,VST00596,high,GNG Electronics Ltd,EBGNG
265,VST00218,high,GOCL Corporation Ltd,GOCLCORP
24957,VST03929,high,GP Petroleums Ltd,GULFPETRO
37434,VST01018,high,GPT Healthcare Ltd,GPTHEALTH
26416,VST00888,high,GPT Infraprojects Ltd,GPTINFRA
2642,VST02834,high,GRUH Finance Ltd(Merged),GRUH
69803,VST01510,high,GTPL Hathway Ltd,GTPL
26866,VST02867,high,GVK Power & Infrastructure Ltd,GVKPIL
184,VST02714,high,Gabriel India Ltd,GABRIEL
7167,VST01174,high,Galaxy Surfactants Ltd,GALAXYSURF
186,VST02722,high,Gammon India Ltd,GAMMONIND
38912,VST01311,high,Gandhar Oil Refinery (India) Ltd,GANDHAR
3446,VST02726,high,Ganesh Housing Corporation Ltd,GANESHHOU
2278,VST01480,high,Ganesha Ecosphere Ltd,GANECOS
13229,VST00878,high,Garden Reach Shipbuilders & Engineers Ltd,GRSE
92781,VST00376,high,Garuda Construction and Engineering Ltd,GARUDA
189,VST00757,high,Garware Hi Tech Films Ltd,GRWRHITECH
190,VST02730,high,Garware Technical Fibres Ltd,GARFIBRES
67008,VST00221,high,Gateway Distriparks Ltd,GATEWAY
14744,VST02736,review,Gateway Distriparks Ltd(Merged),GDL
68478,VST00754,high,Gayatri Highways Ltd,GAYAHWS
16500,VST00821,high,Gayatri Projects Ltd,GAYAPROJ
5483,VST01009,high,General Insurance Corporation of India,GICRE
2371,VST02741,high,Genesys International Corporation Ltd,GENESYS
74100,VST00196,high,Gensol Engineering Ltd,GENSOL
43083,VST02743,review,Genus Paper & Boards Ltd,GENUSPOWER
4962,VST02743,high,Genus Power Infrastructures Ltd,GENUSPOWER
6064,VST02747,high,Geojit Financial Services Ltd,GEOJITFSL
13067,VST02748,high,Geometric Ltd (Merged),GEOMETRIC
288,VST02761,high,Gillette India Ltd,GILLETTE
14546,VST00195,high,Gland Pharma Ltd,GLAND
231,VST02836,review,GlaxoSmithkline Consumer Healthcare Ltd(Merged),GSKCONS
195,VST02769,high,Glaxosmithkline Pharmaceuticals Ltd,GLAXO
20600,VST02770,high,Glenmark Pharmaceuticals Ltd,GLENMARK
34649,VST01000,high,Global Health Ltd,MEDANTA
655,VST02776,high,Global Offshore Services Ltd,GLOBOFFS
25785,VST02777,high,Globus Spirits Ltd,GLOBUSSPR
72780,VST00132,high,Go Digit General Insurance Ltd,GODIGIT
75816,VST00291,high,Go Fashion (India) Ltd,GOCOLORS
40541,VST01032,high,Godavari Biorefineries Ltd,GODAVARIB
26838,VST02815,review,Godawari Power & Ispat Ltd,GPIL
657,VST02790,high,Godfrey Phillips India Ltd,GODFRYPHLP
16166,VST01486,high,Godrej Agrovet Ltd,GODREJAGRO
21960,VST02791,high,Godrej Consumer Products Ltd,GODREJCP
1742,VST02793,high,Godrej Industries Ltd,GODREJIND
15613,VST02795,high,Godrej Properties Ltd,GODREJPROP
12966,VST02799,high,Gokaldas Exports Ltd,GOKEX
67804,VST00789,high,Gokul Agro Resources Ltd,GOKULAGRO
4545,VST02803,high,Goldiam International Ltd,GOLDIAM
5020,VST00525,high,Goodluck India Ltd,GOODLUCK
199,VST02812,high,Goodyear India Ltd,GOODYEAR
77239,VST00390,high,Gopal Snacks Ltd,GOPAL
12632,VST02820,high,Granules India Ltd,GRANULES
102,VST02822,high,Graphite India Ltd,GRAPHITE
227,VST02823,high,Grasim Industries Ltd,GRASIM
658,VST00728,high,Grauer & Weil (India) Ltd,GRAUWEIL
35607,VST02824,high,Gravita India Ltd,GRAVITA
207,VST02753,high,Great Eastern Shipping Company Ltd,GESHIP
208,VST02826,high,Greaves Cotton Ltd,GREAVESCOT
43814,VST01094,high,Greenlam Industries Ltd,GREENLAM
72426,VST00251,high,Greenpanel Industries Ltd,GREENPANEL
4701,VST02827,high,Greenply Industries Ltd,GREENPLY
209,VST02829,high,Grindwell Norton Ltd,GRINDWELL
2285,VST02847,high,Gufic BioSciences Ltd,GUFICBIO
217,VST02848,high,Gujarat Alkalies & Chemicals Ltd,GUJALKALI
2469,VST02715,high,Gujarat Ambuja Exports Ltd,GAEL
3613,VST02852,high,Gujarat Apollo Industries Ltd,GUJAPOLLO
74458,VST00271,high,Gujarat Fluorochemicals Ltd,FLUOROCHEM
2255,VST01479,review,Gujarat Gas Company Ltd(Merged),GUJGASLTD
43934,VST01479,high,Gujarat Gas Ltd,GUJGASLTD
2718,VST02763,high,Gujarat Industries Power Co Ltd,GIPCL
13868,VST02781,high,Gujarat Mineral Development Corporation Ltd,GMDCLTD
213,VST02787,high,Gujarat Narmada Valley Fertilizers & Chemicals Ltd,GNFC
12232,VST02816,high,Gujarat Pipavav Port Ltd,GPPL
226,VST02835,high,Gujarat State Fertilizers & Chemicals Ltd,GSFC
24065,VST02838,high,Gujarat State Petronet Ltd,GSPL
216,VST01608,high,Gujarat Themis Biosyn Ltd,GUJTHEM
45765,VST01213,high,Gulf Oil Lubricants India Ltd,GULFOILLUB
22361,VST00713,high,Gulshan Polyols Ltd,GULPOLY
24949,VST02958,high,H T Media Ltd,HTMEDIA
71631,VST01588,high,H.G. Infra Engineering Ltd,HGINFRA
2401,VST02879,high,HBL Power Systems Ltd,HBLENGINE
1019,VST02884,high,HCL Infosystems Ltd,HCL-INSYS
5656,VST02885,high,HCL Technologies Ltd,HCLTECH
33990,VST01374,high,HDB Financial Services Ltd,HDBFS
21272,VST00524,review,HDFC Asset Management Company Ltd,HDFCAMC
4987,VST02887,high,HDFC Bank Ltd,HDFCBANK
40429,VST02888,high,HDFC Gold ETF,HDFCGOLD
21997,VST01421,high,HDFC Life Insurance Company Ltd,HDFCLIFE
251,VST02890,high,HEG Ltd,HEG
1189,VST02899,high,HFCL Ltd,HFCL
3646,VST00987,high,HLE Glascoat Ltd,HLEGLAS
75764,VST00341,high,HP Adhesives Ltd,HPAL
44404,VST01030,high,HPL Electric & Power Ltd,HPL
70299,VST00934,high,Happiest Minds Technologies Ltd,HAPPSTMNDS
24997,VST00814,high,Happy Forgings Ltd,HAPPYFORGE
72390,VST00017,high,Hariom Pipe Industries Ltd,HARIOMPIPE
1559,VST02873,high,Harita Seating Systems Ltd(Merged),HARITASEAT
72772,VST00375,high,Harsha Engineers International Ltd,HARSHA
20659,VST02876,high,Hathway Cable & Datacom Ltd,HATHWAY
13023,VST00993,high,Hatsun Agro Product Ltd,HATSUN
3272,VST02877,high,Havells India Ltd,HAVELLS
451,VST02878,high,Hawkins Cookers Ltd,HAWKINCOOK
42523,VST00215,high,Healthcare Global Enterprises Ltd,HCG
396,VST02891,high,HeidelbergCement India Ltd,HEIDELBERG
71795,VST00280,high,Hemisphere Properties India Ltd,HEMIPROP
29118,VST01285,high,Heranba Industries Ltd,HERANBA
4439,VST02896,high,Heritage Foods Ltd,HERITGFOOD
237,VST02897,high,Hero MotoCorp Ltd,HEROMOTOCO
4164,VST01407,high,Hester Biosciences Ltd,HESTERBIO
119,VST02454,high,Heubach Colorants India Ltd,SUDARCOLOR
41473,VST01362,high,Hexa Tradex Ltd,HEXATRADEX
12111,VST00254,review,Hexaware Technologies Ltd,HEXT
23653,VST00494,high,Hi-Tech Pipes Ltd,HITECH
4401,VST02901,high,Hikal Ltd,HIKAL
259,VST02963,high,Hil Ltd,BIRLANU
2780,VST02882,high,Himadri Speciality Chemical Ltd,HSCL
842,VST02905,high,Himatsingka Seide Ltd,HIMATSEIDE
252,VST02907,high,Hindalco Industries Ltd,HINDALCO
27500,VST02900,high,Hinduja Global Solutions Ltd,HGS
12030,VST00190,high,Hindustan Aeronautics Ltd,HAL
245,VST02881,high,Hindustan Construction Company Ltd,HCC
3898,VST02911,high,Hindustan Copper Ltd,HINDCOPPER
246,VST02912,high,Hindustan Dorr-Oliver Ltd,HINDDORROL
1059,VST00712,high,Hindustan Foods Ltd,HNDFDS
17376,VST02942,high,Hindustan Media Ventures Ltd,HMVL
1725,VST02921,high,Hindustan Oil Exploration Company Ltd,HINDOILEXP
2305,VST02922,high,Hindustan Petroleum Corporation Ltd,HINDPETRO
255,VST02930,high,Hindustan Unilever Ltd,HINDUNILVR
2307,VST02931,high,Hindustan Zinc Ltd,HINDZINC
71718,VST00172,high,Hindware Home Innovation Ltd,HINDWAREAP
74646,VST00229,high,Hitachi Energy India Ltd,POWERINDIA
3250,VST02939,high,Hitech Corporation Ltd,HITECHCORP
71865,VST01008,high,Home First Finance Company India Ltd,HOMEFIRST
77264,VST00364,high,Honasa Consumer Ltd,HONASA
1028,VST02948,high,Honda India Power Products Ltd,HONDAPOWER
1131,VST02947,high,Honeywell Automation India Ltd,HONAUT
12197,VST00120,high,Housing & Urban Development Corporation Ltd,HUDCO
27828,VST02889,high,Housing Development & Infrastructure Ltd,HDIL
230,VST02886,review,Housing Development Finance CorporationLtd(Merged),HDFC
1106,VST03672,high,Huhtamaki India Ltd,HUHTAMAKI
16486,VST00476,high,Hyundai Motor India Ltd,HYUNDAI
2202,VST02994,high,I G Petrochemicals Ltd,IGPL
5418,VST02975,high,ICICI Bank Ltd,ICICIBANK
22664,VST01389,review,ICICI Lombard General Insurance Company Ltd,ICICIGI
40430,VST03077,high,ICICI Prudential Gold ETF,GOLDIETF
22005,VST01319,high,ICICI Prudential Life Insurance Company Ltd,ICICIPRULI
12466,VST01385,high,ICICI Securities Ltd,ISEC
13035,VST02977,high,ICRA Ltd,ICRA
5433,VST02979,high,IDBI Bank Ltd,IDBI
54759,VST00253,high,IDFC First Bank Ltd,IDFCFIRSTB
22265,VST02984,high,IDFC Ltd,IDFC
840,VST02985,high,IFB Agro Industries Ltd,IFBAGRO
281,VST02986,high,IFB Industries Ltd,IFBIND
3148,VST02987,high,IFCI Ltd,IFCI
71579,VST00536,high,IFGL Refractories Ltd,IFGLEXPOR
2381,VST00536,review,IFGL Refractories Ltd(Merged),IFGLEXPOR
26658,VST01025,high,IIFL Securities Ltd,IIFLCAPS
23296,VST03013,high,IIFL Finance Ltd,IIFL
77898,VST00396,high,IKIO Lighting Ltd,IKIO
1710,VST03099,high,IL&FS Investment Managers Ltd,IVC
34263,VST02999,high,IL&FS Transportation Networks Ltd,IL&FSTRANS
2721,VST03058,high,ING Vysya Bank Ltd(Merged),INGVYSYABK
1973,VST03072,high,IOL Chemicals & Pharmaceuticals Ltd,IOLCP
28365,VST03081,review,IRB Infrastructure Developers Ltd,IRB
75058,VST00228,high,IRM Energy Ltd,IRMENERGY
2167,VST01495,high,ISGEC Heavy Engineering  Ltd,ISGEC
23244,VST03085,high,ISMT Ltd,ISMTLTD
91836,VST00874,high,ITC Hotels Ltd,ITCHOTELS
301,VST03091,high,ITC Ltd,ITC
105,VST03095,high,ITD Cementation India Ltd,CEMPRO
2334,VST03096,high,ITI Ltd,ITI
5954,VST03102,high,IVRCL Ltd,IVRCLINFRA
78688,VST00840,high,Ideaforge Technology Ltd,IDEAFORGE
3450,VST02990,high,Igarashi Motors India Ltd,IGARASHI
65688,VST00584,high,Imagicaaworld Entertainment Ltd,IMAGICAA
43575,VST00189,high,Indegene Ltd,INDGN
270,VST03010,high,India Cements Ltd,INDIACEM
1105,VST03012,high,India Glycols Ltd,INDIAGLYCO
1907,VST03024,high,India Nippon Electricals Ltd,INDNIPPON
75356,VST00313,high,India Pesticides Ltd,IPL
48455,VST01582,high,India Shelter Finance Corporation Ltd,INDIASHLTR
36229,VST00549,high,Indiabulls Housing Finance Ltd,SAMMAANCAP
68842,VST01597,high,Indiamart Intermesh Ltd,INDIAMART
6061,VST03016,high,Indian Bank,INDIANB
70961,VST00098,high,Indian Energy Exchange Ltd,IEX
282,VST03008,high,Indian Hotels Co Ltd,INDHOTEL
283,VST03018,high,Indian Hume Pipe Company Ltd,INDIANHUME
5807,VST03001,high,Indian Metals & Ferro Alloys Ltd,IMFA
12002,VST03069,high,Indian Oil Corporation Ltd,IOC
5955,VST03068,high,Indian Overseas Bank,IOB
23401,VST00820,high,Indian Railway Catering & Tourism Corporation Ltd,IRCTC
12854,VST00165,high,Indian Railway Finance Corporation Ltd,IRFC
15550,VST00639,high,Indian Renewable Energy Development Agency Ltd,IREDA
38700,VST03043,high,Indian Terrain Fashions Ltd,INDTERRAIN
42719,VST00272,high,Indigo Paints Ltd,INDIGOPNTS
92862,VST00199,high,Indiqube Spaces Ltd,INDIQUBE
1960,VST02976,high,Indo Count Industries Ltd,ICIL
1220,VST03031,high,Indo Rama Synthetics (India) Ltd,INDORAMA
19825,VST03035,high,Indo Tech Transformers Ltd,INDOTECH
12579,VST03027,high,Indoco Remedies Ltd,INDOCO
42128,VST01551,high,Indostar Capital Finance Ltd,INDOSTAR
20703,VST02992,high,Indraprastha Gas Ltd,IGL
12977,VST03038,high,Indraprastha Medical Corporation Ltd,INDRAMEDCO
40279,VST00513,high,Indus Towers Ltd,INDUSTOWER
40280,VST00513,high,Indus Towers Ltd(Merged),INDUSTOWER
5531,VST03047,high,IndusInd Bank Ltd,INDUSINDBK
65841,VST01015,high,Infibeam Avenues Ltd,CCAVENUE
29955,VST03051,high,Infinite Computer Solutions India Ltd,INFINITE
18844,VST03540,high,Info Edge (India) Ltd,NAUKRI
2806,VST03054,high,Infosys Ltd,INFY
295,VST03057,high,Ingersoll-Rand (India) Ltd,INGERRAND
74713,VST00321,high,Innova Captab Ltd,INNOVACAP
29548,VST03059,high,Innoventive Industries Ltd,INNOIND
66400,VST01056,high,Inox Green Energy Services Ltd,INOXGREEN
17240,VST01190,high,Inox India Ltd,INOXINDIA
22626,VST03060,high,Inox Leisure Ltd,INOXLEISUR
75469,VST00330,high,Inox Wind Energy Ltd,IWEL
43989,VST00192,high,Inox Wind Ltd,INOXWIND
27754,VST03061,high,Insecticides India Ltd,INSECTICID
54769,VST00784,high,Intellect Design Arena Ltd,INTELLECT
40098,VST00028,high,Interarch Building Products Ltd,INTERARCH
33159,VST01230,high,Interglobe Aviation Ltd,INDIGO
79071,VST00443,high,International Gemmological Institute (India) Ltd,IGIL
71706,VST00505,high,Inventurus Knowledge Solutions Ltd,IKS
299,VST03074,high,Ion Exchange (India) Ltd,IONEXCHANG
3617,VST03075,high,Ipca Laboratories Ltd,IPCALAB
5497,VST01633,high,Ircon International Ltd,IRCON
303,VST03121,high,J B Chemicals & Pharmaceuticals Ltd,JBCHEPHARM
17136,VST03154,high,J K Cements Ltd,JKCEMENT
28300,VST03156,high,J Kumar Infraprojects Ltd,JKIL
672,VST03122,high,JBF Industries Ltd,JBFIND
23341,VST03123,high,JBM Auto Ltd,JBMA
27325,VST03136,high,JHS Svendgaard Laboratories Ltd,JHS
43205,VST01501,high,JITF Infra Logistics Ltd,JITFINFRA
535,VST03159,high,JK Lakshmi Cement Ltd,JKLAKSHMI
5772,VST03160,high,JK Paper Ltd,JKPAPER
304,VST03162,high,JK Tyre & Industries Ltd,JKTYRE
2113,VST03166,high,JM Financial Ltd,JMFINANCIL
4353,VST03165,high,JMC Projects (India) Ltd,JMCPROJECT
91866,VST00423,high,JNK India Ltd,JNKINDIA
27323,VST03177,high,JSW Energy Ltd,JSWENERGY
24690,VST03147,high,JSW Holdings Ltd,JSWHL
42944,VST01528,high,JSW Infrastructure Ltd,JSWINFRA
3041,VST01350,high,JSW Ispat Special Products Ltd(Merged),JSWISPL
4764,VST03178,high,JSW Steel Ltd,JSWSTEEL
1054,VST04091,high,JTEKT India Ltd,JTEKTINDIA
41375,VST00890,high,JTL Industries Ltd,JTLIND
22118,VST03106,high,Jagran Prakashan Ltd,JAGRAN
2171,VST03107,high,Jagsonpal Pharmaceuticals Ltd,JAGSNPHARM
24619,VST03108,high,Jai Balaji Industries Ltd,JAIBALAJI
1127,VST03153,high,Jain Irrigation Systems Ltd,JISLJALEQS
15293,VST03169,high,Jaiprakash Associates Ltd,JPASSOCIAT
14266,VST03173,high,Jaiprakash Power Ventures Ltd,JPPOWER
7311,VST03104,high,Jammu and Kashmir Bank Ltd,J&KBANK
1149,VST03113,high,Jamna Auto Industries Ltd,JAMNAAUTO
40768,VST01619,high,Jana Small Finance Bank Ltd,JSFB
39683,VST00126,high,Jash Engineering Ltd,JASH
1150,VST03116,high,Jay Bharat Maruti Ltd,JAYBARMARU
4506,VST03117,high,Jayaswal Neco Industries Ltd,JAYNECOIND
34663,VST03172,high,Jaypee Infratech Ltd,JPINFRATEC
5586,VST03133,high,Jet Airways (India) Ltd,JETAIRWAYS
1291,VST03150,high,Jindal Drilling & Industries Ltd,JINDRILL
965,VST03145,high,Jindal Saw Ltd,JINDALSAW
65191,VST00979,high,Jindal Stainless (Hisar) Ltd(Merged),JSLHISAR
24610,VST03174,high,Jindal Stainless Ltd,JSL
20287,VST03146,high,Jindal Steel & Power Ltd,JINDALSTEL
20712,VST01376,high,Jio Financial Services Ltd,JIOFIN
3326,VST01060,high,John Cockerill India Ltd,COCKERILL
2100,VST02935,high,Johnson Controls-Hitachi Air Condition. India Ltd,BOSCH-HCIL
44990,VST00127,high,Jubilant Agri & Consumer Products Ltd,JUBLCPL
14548,VST03181,high,Jubilant Foodworks Ltd,JUBLFOOD
40342,VST03182,high,Jubilant Industries Ltd,JUBLINDS
75293,VST00298,high,Jubilant Ingrevia Ltd,JUBLINGREA
592,VST03180,high,Jubilant Pharmova Ltd,JUBLPHARMA
28764,VST01286,high,Juniper Hotels Ltd,JUNIPER
44993,VST01274,high,Jupiter Life Line Hospitals Ltd,JLHL
39220,VST02405,high,Jupiter Wagons Ltd,JWL
41369,VST01172,high,Just Dial Ltd,JUSTDIAL
14775,VST03187,high,Jyothy Labs Ltd,JYOTHYLAB
35435,VST01664,high,Jyoti CNC Automation Ltd,JYOTICNC
1196,VST03188,high,Jyoti Structures Ltd,JYOTISTRUC
316,VST03211,high,K C P Ltd,KCP
27273,VST03213,high,K E C International Ltd,KEC
28009,VST03276,high,K P R Mill Ltd,KPRMILL
67194,VST00526,high,K.P. Energy Ltd,KPEL
2631,VST00758,high,KDDL Ltd,KDDL
40086,VST03213,high,KEC Industries Ltd,KEC
4679,VST03217,high,KEI Industries Ltd,KEI
73556,VST00539,high,KFin Technologies Ltd,KFINTECH
12546,VST01529,high,KIOCL Ltd,KIOCL
28334,VST03258,high,KNR Constructions Ltd,KNRCON
73584,VST01091,high,KPI Green Energy Ltd,KPIGREEN
72062,VST00152,high,KPIT Technologies Ltd,KPITTECH
5991,VST03278,high,KRBL Ltd,KRBL
92755,VST00441,high,KRN Heat Exchanger and Refrigeration Ltd,KRN
342,VST03283,high,KSB Ltd,KSB
3849,VST03285,high,KSE Ltd,KSE
29187,VST03288,high,KSK Energy Ventures Ltd,KSK
92432,VST00628,high,KSR Footwear Ltd,KSR
1129,VST03190,high,Kajaria Ceramics Ltd,KAJARIACER
25565,VST00688,high,Kalpataru Ltd,KALPATARU
4518,VST03194,high,Kalpataru Projects International Ltd,KPIL
42402,VST00780,high,Kalyan Jewellers India Ltd,KALYANKJIL
36017,VST03232,high,Kalyani Investment Company Ltd,KICL
322,VST03289,high,Kalyani Steels Ltd,KSL
16825,VST03233,high,Kamdhenu Ltd,KAMDHENU
75454,VST00293,high,Kamdhenu Ventures Ltd,KAMOPAINTS
6357,VST00232,high,Kanchi Karpooram Ltd,KANCHI
200,VST03204,high,Kansai Nerolac Paints Ltd,KANSAINER
5860,VST03292,high,Karnataka Bank Ltd,KTKBANK
2722,VST03206,high,Karur Vysya Bank Ltd,KARURVYSYA
28003,VST03284,high,Kaveri Seed Company Ltd,KSCL
26579,VST01159,high,Kaya Ltd,KAYA
76723,VST01577,high,Kaynes Technology India Ltd,KAYNES
610,VST01310,high,Kennametal India Ltd,KENNAMET
16305,VST03221,high,Kernex Microsystems (India) Ltd,KERNEX
329,VST03223,high,Kesoram Industries Ltd,KESORAMIND
27266,VST03251,high,Kewal Kiran Clothing Ltd,KKCL
42751,VST00724,high,Keystone Realtors Ltd,RUSTOMJEE
28291,VST01463,high,Khadim India Ltd,KHADIM
1844,VST00825,high,Kilburn Engineering Ltd,KLBRENG-B
2547,VST02964,high,Kingfa Science & Technology (India) Ltd,KINGFA
35297,VST03209,high,Kirloskar Brothers Investments Ltd,KBIL
336,VST03242,high,Kirloskar Brothers Ltd,KIRLOSBROS
3511,VST01533,high,Kirloskar Ferrous Industries Ltd,KIRLFER
1071,VST03245,high,Kirloskar Industries Ltd,KIRLOSIND
33444,VST03243,high,Kirloskar Oil Engines Ltd,KIRLOSENG
318,VST01441,high,Kirloskar Pneumatic Company Ltd,KIRLPNU
4621,VST01177,high,Kitex Garments Ltd,KITEX
75229,VST00305,high,Knowledge Marine & Engineering Works Ltd,KMEW
26184,VST03261,high,Kolte Patil Developers Ltd,KOLTEPATIL
2717,VST03263,high,Kopran Ltd,KOPRAN
2330,VST03264,high,Kotak Mahindra Bank Ltd,KOTAKBANK
340,VST01650,high,Kothari Industrial Corporation Ltd,KOTIC
2551,VST03274,high,Kovai Medical Center & Hospital Ltd,KOVAI
40506,VST01066,high,Kridhan Infra Ltd,KRIDHANINF
34776,VST01644,high,Krishna Institute of Medical Sciences Ltd,KIMS
92335,VST00421,high,Kross Ltd,KROSS
72320,VST00246,high,Krsnaa Diagnostics Ltd,KRSNAA
77085,VST00444,high,Krystal Integrated Services Ltd,KRYSTAL
5324,VST03293,high,Kwality Ltd,KWALITY
1927,VST03314,high,L G Balakrishnan & Bros Ltd,LGBBROSLTD
27387,VST02508,high,L T Foods Ltd,LTFOODS
41147,VST01034,high,L&T Finance Ltd,LTF
44814,VST00056,high,L&T Technology Services Ltd,LTTS
4335,VST03321,high,LEEL Electricals Ltd,LEEL
4248,VST03318,high,LIC Housing Finance Ltd,LICHSGFIN
346,VST03310,high,Lakshmi Machine Works Ltd,LMW
18105,VST00657,high,LTIMindtree Ltd,LTM
4939,VST03309,high,La Opala RG Ltd,LAOPALA
347,VST03297,high,Lakshmi Precision Screws Ltd,LAKPRE
2720,VST03304,high,Lakshmi Vilas Bank Ltd(Merged),LAKSHVILAS
20717,VST01175,high,Lal Path Labs Pvt Ltd,LALPATHLAB
44137,VST00849,high,Lancer Containers Lines Ltd,LANCER
21953,VST03320,high,Lanco Infratech Ltd,LITL
2008,VST01136,high,Lancor Holdings Ltd,LANCORHOL
65133,VST01124,high,Landmark Cars Ltd,LANDMARK
348,VST03333,high,Larsen & Toubro Ltd,LT
39858,VST00355,high,Latent View Analytics Ltd,LATENTVIEW
45955,VST01612,high,Laurus Labs Ltd,LAURUSLABS
86134,VST00482,high,Laxmi Dental Ltd,LAXMIDENTL
23722,VST01147,high,Laxmi Organic Industries Ltd,LXCHEM
75817,VST00351,high,Le Travenues Technology Ltd,IXIGO
40619,VST01649,high,Lemon Tree Hotels Ltd,LEMONTREE
12024,VST00363,high,Life Insurance Corporation of India,LICI
12382,VST01426,high,Linc Ltd,LINC
284,VST02344,high,Linde India Ltd,LINDEINDIA
2629,VST00747,high,Lloyds Metals & Energy Ltd,LLOYDSME
35713,VST01260,high,Macrotech Developers Ltd,LODHA
15871,VST03331,high,Lovable Lingerie Ltd,LOVABLE
23562,VST03336,high,Lumax Auto Technologies Ltd,LUMAXTECH
782,VST03335,high,Lumax Industries Ltd,LUMAXIND
3026,VST03337,high,Lupin Ltd,LUPIN
23448,VST00557,high,Lux Industries Ltd,LUXIND
677,VST03340,high,Lyka Labs Ltd,LYKALABS
35759,VST00247,high,M & B Engineering Ltd,MBEL
3825,VST03447,high,M M Forgings Ltd,MMFL
38599,VST00838,high,MAS Financial Services Ltd,MASFIN
27558,VST03414,high,MBL Infrastructure Ltd,MBLINFRA
34020,VST01399,high,MEP Infrastructure Developers Ltd,MEP
2292,VST03450,high,MMTC Ltd,MMTC
13863,VST03460,high,MOIL Ltd,MOIL
18868,VST03477,high,MPS Ltd,MPSLTD
391,VST03478,high,MRF Ltd,MRF
2291,VST00714,high,MSTC Ltd,MSTCLTD
41312,VST00992,high,MT Educare Ltd,MTEDUCARE
34242,VST01503,high,MTAR Technologies Ltd,MTARTECH
12208,VST03349,high,Madhucon Projects Ltd,MADHUCON
24555,VST01186,high,Magellanic Cloud Ltd,MCLOUD
16958,VST02958,review,Magnasound (India) Pvt Ltd (Under Liquidation),HTMEDIA
13369,VST00004,high,Mahanagar Gas Ltd,MGL
2293,VST03485,high,Mahanagar Telephone Nigam Ltd,MTNL
363,VST03366,high,Maharashtra Scooters Ltd,MAHSCOOTER
2191,VST03367,high,Maharashtra Seamless Ltd,MAHSEAMLES
37620,VST04456,high,Mahavir Spinning Mills Pvt Ltd,VTL
16795,VST03342,review,Mahindra & Mahindra Financial Services Ltd,M&MFIN
365,VST03341,high,Mahindra & Mahindra Ltd,M&M
2786,VST00659,high,Mahindra EPC Irrigation Ltd,MAHEPC
18268,VST03430,high,Mahindra Holidays & Resorts India Ltd,MHRIL
20728,VST03365,high,Mahindra Lifespace Developers Ltd,MAHLIFE
36025,VST01390,high,Mahindra Logistics Ltd,MAHLOG
395,VST03364,high,Mahindra Ugine Steel Company Ltd(Merged),MAHINDUGIN
14741,VST01276,high,Maithan Alloys Ltd,MAITHANALL
1369,VST03385,high,Man Industries (India) Ltd,MANINDS
27987,VST03386,high,Man Infraconstruction Ltd,MANINFRA
1792,VST03375,high,Manali Petrochemicals Ltd,MANALIPETC
6083,VST03378,high,Manappuram Finance Ltd,MANAPPURAM
367,VST03383,high,Mangalam Cement Ltd,MANGLMCEM
368,VST03382,high,Mangalore Chemicals & Fertilizers Ltd,MANGCHEFER
2496,VST03480,high,Mangalore Refinery And Petrochemicals Ltd,MRPL
38451,VST01212,high,Mankind Pharma Ltd,MANKIND
69479,VST00042,high,Manorama Industries Ltd,MANORAMA
64887,VST00517,high,Manpasand Beverages Ltd,MANPASAND
355,VST03390,high,Manugraph India Ltd,MANUGRAPH
695,VST00588,high,Marathon Nextgen Realty Ltd,MARATHON
5077,VST03394,high,Marg Ltd,MARG
43841,VST00949,high,Marico Kaya Enterprises Ltd,MAKE
12585,VST03395,high,Marico Ltd,MARICO
3285,VST03397,high,Marksans Pharma Ltd,MARKSANS
5496,VST03398,high,Maruti Suzuki India Ltd,MARUTI
2732,VST03400,high,Mastek Ltd,MASTEK
44500,VST01509,high,Matrimony.com Ltd,MATRIMONY
92430,VST00129,high,Max Estates Ltd,MAXESTATES
372,VST03409,high,Max Financial Services Ltd,MFSL
22865,VST00104,high,Max Healthcare Institute Ltd,MAXHEALTH
74807,VST00302,high,Max India Ltd,MAXIND
67573,VST00562,high,Max India Ltd(Merged),MAXINDIA
67574,VST00563,review,Max Ventures and Industries Ltd(Merged),MAXVIL
3954,VST00139,high,Mayur Uniquoters Ltd,MAYURUNIQ
12963,VST00706,high,Mazagon Dock Shipbuilders Ltd,MAZDOCK
2838,VST01534,review,Mazda Ltd,MAZDA
24946,VST03415,high,McDowell Holdings Ltd,MCDHOLDING
751,VST03412,high,McNally Bharat Engineering Company Ltd,MBECL
24988,VST03418,high,Mcleod Russel India Ltd,MCLEODRUSS
75648,VST00981,high,Medi Assist Healthcare Services Ltd,MEDIASSIST
34531,VST01430,high,Medplus Health Services Ltd,MEDPLUS
8034,VST03422,high,Megasoft Ltd,SIGMAADV
22219,VST03423,high,Meghmani Organics Ltd(Merged),MEGH
3304,VST03446,high,Mercator Ltd,MERCATOR
2356,VST02057,high,Metalyst Forgings Ltd,METALFORGE
17628,VST00793,high,Metro Brands Ltd,METROBRAND
65221,VST00502,high,Metropolis Healthcare Ltd,METROPOLIS
14978,VST01475,high,Minda Corporation Ltd,MINDACORP
20581,VST03441,high,Mindtree Ltd,MINDTREE
4269,VST03443,high,Mirza International Ltd,MIRZAINT
14133,VST00266,high,Mishra Dhatu Nigam Ltd,MIDHANI
28243,VST01546,high,Mold-Tek Packaging Ltd,MOLDTKPAC
4092,VST01559,high,Monarch Networth Capital Ltd,MONARCH
1165,VST03463,high,Monsanto India Ltd(Merged),MONSANTO
64824,VST01616,high,Monte Carlo Fashions Ltd,MONTECARLO
76359,VST00332,high,Motherson Sumi Wiring India Ltd,MSUMI
28011,VST03472,high,Motilal Oswal Financial Services Ltd,MOTILALOFS
3361,VST03475,high,Mphasis Ltd,MPHASIS
42462,VST01029,high,Mrs Bectors Food Specialities Ltd,BECTORFOOD
392,VST03489,high,Mukand Ltd,MUKANDLTD
25746,VST01353,high,Multi Commodity Exchange of India Ltd,MCX
941,VST03497,high,Munjal Showa Ltd,MUNJALSHOW
42741,VST01578,high,Music Broadcast Ltd,RADIOCITY
4724,VST00771,high,Muthoot Capital Services Ltd,MUTHOOTCAP
24769,VST03501,high,Muthoot Finance Ltd,MUTHOOTFIN
69580,VST00145,high,Muthoot Microfin Ltd,MUTHOOTMF
4035,VST01344,high,N R Agarwal Industries Ltd,NRAIL
4510,VST00767,high,NACL Industries Ltd,NACLIND
13166,VST00260,high,NBCC (India) Ltd,NBCC
2598,VST03545,high,NCC Ltd,NCC
401,VST03546,high,NCL Industries Ltd,NCLIND
4093,VST02929,high,NDL Ventures Ltd,NDLVENTURE
74755,VST00224,high,NDR Auto Components Ltd,NDRAUTO
690,VST03560,high,NESCO Ltd,NESCO
12584,VST03572,high,NHPC Ltd,NHPC
22100,VST00827,high,NIIT Learning Systems Ltd,NIITMTS
2771,VST03578,high,NIIT Ltd,NIITLTD
2303,VST03570,high,NLC India Ltd,NLCINDIA
12059,VST03593,high,NMDC Ltd,NMDC
75761,VST00417,high,NMDC Steel Ltd,NSLNISP
415,VST03594,high,NOCIL Ltd,NOCIL
4992,VST03607,high,NRB Bearings Ltd,NRBBEARING
41859,VST00147,high,NRB Industrial Bearings Ltd,NIBL
94008,VST00426,high,NTPC Green Energy Ltd,NTPCGREEN
12001,VST03610,high,NTPC Ltd,NTPC
40552,VST00975,high,Nagarjuna Fertilizers & Chemicals Ltd,NAGAFERT
942,VST03525,high,Nahar Spinning Mills Ltd,NAHARSPING
45107,VST00907,high,Narayana Hrudayalaya Ltd,NH
4684,VST03534,high,Natco Pharma Ltd,NATCOPHARM
44041,VST00962,high,Nath Bio-Genes (India) Ltd,NATHBIOGEN
2304,VST03537,high,National Aluminium Company Ltd,NATIONALUM
12061,VST03571,high,National Fertilizer Ltd,NFL
3780,VST03544,high,Nava Ltd,NAVA
24585,VST03542,high,Navin Fluorine International Ltd,NAVINFLUOR
45748,VST00742,high,Navkar Corporation Ltd,NAVKARCORP
1627,VST03543,high,Navneet Education Ltd,NAVNETEDUL
5302,VST02641,high,Nayara Energy Ltd,ESSAROIL
33311,VST00926,high,Nazara Technologies Ltd,NAZARA
15196,VST03551,high,Nelcast Ltd,NELCAST
73447,VST00537,high,Neogen Chemicals Ltd,NEOGEN
175,VST03562,high,Nestle India Ltd,NESTLEIND
78854,VST00419,high,Netweb Technologies India Ltd,NETWEB
27697,VST03567,high,Network 18 Media & Investments Ltd,NETWORK18
3800,VST03568,high,Neuland Laboratories Ltd,NEULANDLAB
12214,VST00990,high,New India Assurance Company Ltd,NIACL
13722,VST01197,high,Newgen Software Technologies Ltd,NEWGEN
5178,VST01606,high,Nila Infrastructures Ltd,NILAINFRA
71717,VST00037,high,Nila Spaces Ltd,NILASPACES
2061,VST03580,high,Nilkamal Ltd,NILKAMAL
12622,VST00773,review,Nippon Life India Asset Management Ltd,NAM-INDIA
414,VST03585,high,Nirlon Ltd,NIRLON
23785,VST03591,high,Nitin Spinners Ltd,NITINSPIN
38927,VST01682,high,Niva Bupa Health Insurance Company Ltd,NIVABUPA
17515,VST03595,high,Noida Toll Bridge Company Ltd,NOIDATOLL
41547,VST01487,high,Northern ARC Capital Ltd,NORTHARC
243,VST03602,high,Novartis India Ltd,NOVARTIND
6159,VST03614,high,Nucleus Software Exports Ltd,NUCLEUS
75228,VST00320,high,Nureca Ltd,NURECA
26648,VST01079,high,Nuvama Wealth Management Ltd,NUVAMA
20793,VST00510,high,Nuvoco Vistas Corporation Ltd,NUVOCO
77048,VST00435,high,OCCL Ltd,OCCLLTD
422,VST03620,high,OCL India Ltd(Merged),OCL
38025,VST03619,high,Oberoi Realty Ltd,OBEROIRLTY
6068,VST03632,high,Oil & Natural Gas Corpn Ltd,ONGC
5452,VST03624,high,Oil India Ltd,OIL
75559,VST00401,high,Ola Electric Mobility Ltd,OLAELEC
22012,VST02804,high,Olectra Greentech Ltd,OLECTRA
5369,VST03630,high,Om Infra Ltd,OMINFRAL
1318,VST03627,high,Omax Autos Ltd,OMAXAUTO
35794,VST03629,high,Omkar Speciality Chemicals Ltd,OMKARCHEM
28301,VST03634,high,OnMobile Global Ltd,ONMOBILE
40147,VST01667,high,One 97 Communications Ltd,PAYTM
68099,VST00347,high,One Mobikwik Systems Ltd,MOBIKWIK
89433,VST00062,high,OneSource Specialty Pharma Ltd,ONESOURCE
4469,VST03635,high,Onward Technologies Ltd,ONWARDTEC
5004,VST00841,high,Optiemus Infracom Ltd,OPTIEMUS
21300,VST03636,high,Opto Circuits (India) Ltd,OPTOCIRCUI
13105,VST03623,high,Oracle Financial Services Software Ltd,OFSS
4524,VST00693,high,Orbit Exports Ltd,ORBTEXP
3135,VST00598,high,Orchid Pharma Ltd,ORCHPHARMA
17600,VST01519,high,Orient Cement Ltd,ORIENTCEM
71670,VST00546,high,Orient Electric Ltd,ORIENTELEC
39716,VST02828,high,Orient Green Power Company Ltd,GREENPOWER
420,VST03649,high,Orient Paper & Industries Ltd,ORIENTPPR
100,VST01630,high,Oriental Aromatics Ltd,OAL
4318,VST03642,high,Oriental Bank of Commerce(Merged,ORIENTBANK
755,VST00800,high,Oriental Carbon & Chemicals Ltd,OCCL
421,VST03646,high,Oriental Hotels Ltd,ORIENTHOT
22980,VST03652,high,Orissa Minerals Development Company Ltd,ORISSAMINE
14185,VST01484,high,Ortel Communications Ltd,ORTEL
39908,VST00299,high,Oswal Pumps Ltd,OSWALPUMPS
2650,VST03733,high,P I Industries Ltd,PIIND
36109,VST01621,high,P N Gadgil Jewellers Ltd,PNGJL
41343,VST00925,high,PB Fintech Ltd,POLICYBZR
33583,VST01414,high,PC Jeweller Ltd,PCJEWELLER
435,VST03727,high,PCBL Ltd,PCBL
43069,VST00499,high,PDS Ltd,PDSL
38220,VST00983,high,PG Electroplast Ltd,PGEL
16474,VST01134,high,PNB Housing Finance Ltd,PNBHOUSING
28695,VST00605,high,PNC Infratech Ltd,PNCINFRA
23818,VST03758,high,PPAP Automotive Ltd,PPAP
4702,VST03789,high,PSL Ltd,PSL
69794,VST01022,high,PSP Projects Ltd,PSPPROJECT
28290,VST03723,high,PTC India Financial Services Ltd,PFS
20076,VST03793,high,PTC India Ltd,PTC
5380,VST01166,high,PTC Industries Ltd,PTCIL
1322,VST03794,high,PTL Enterprises Ltd,PTL
14622,VST03805,high,PVR Inox Ltd,PVRINOX
12521,VST03665,high,Page Industries Ltd,PAGEIND
2711,VST01111,high,Pakka Ltd,PAKKA
12420,VST03666,high,Panacea Biotec Ltd,PANACEABIO
4699,VST00782,high,Panama Petrochem Ltd,PANAMAPET
43588,VST01232,review,Pantaloons Fashion & Retail Ltd,ABFRL
27313,VST03673,high,Parabolic Drugs Ltd,PARABDRUGS
12375,VST00243,high,Paradeep Phosphates Ltd,PARADEEP
45144,VST01532,high,Parag Milk Foods Ltd,PARAGMILK
5155,VST03674,high,Paramount Communications Ltd,PARACABLES
75439,VST00143,high,Paras Defence and Space Technologies Ltd,PARAS
704,VST01196,high,Patanjali Foods Ltd,PATANJALI
1320,VST03688,high,Patel Engineering Ltd,PATELENG
27614,VST02949,high,Pearl Global Industries Ltd,PGIL
390,VST03708,high,Peninsula Land Ltd,PENINLAND
40370,VST00978,high,Pennar Engineered Building Systems Ltd(Merged),PENPEBS
1119,VST03707,high,Pennar Industries Ltd,PENIND
18286,VST03717,high,Persistent Systems Ltd,PERSISTENT
4994,VST03718,high,Petron Engineering Construction Ltd,PETRONENGG
20099,VST03719,high,Petronet LNG Ltd,PETRONET
434,VST03721,high,Pfizer Ltd,PFIZER
2712,VST02869,high,Phoenix Lamps Ltd(Merged),PHOENIXLL
6418,VST03730,high,Phoenix Mills Ltd,PHOENIXLTD
3219,VST03732,high,Pidilite Industries Ltd,PIDILITIND
5834,VST00923,high,Pilani Investment & Industries Corporation Ltd,PILANIINVS
1814,VST02547,review,Piramal Capital & Housing Finance Ltd,DHFL
412,VST03739,high,Piramal Enterprises Ltd,PEL
1754,VST03738,high,Piramal Glass Pvt Ltd,PIRGLASS
76066,VST00317,high,Piramal Pharma Ltd,PPLPHARMA
29300,VST03740,high,Piramal Phytocare Ltd(Merged),PIRPHYTO
3497,VST03741,high,Pitti Engineering Ltd,PITTIENG
1648,VST01364,high,Pix Transmission Ltd,PIXTRANS
2638,VST03742,high,Plastiblends India Ltd,PLASTIBLEN
66472,VST00261,high,Pneumatic Holdings Ltd(Merged),PNEUMATIC
2604,VST01541,high,Poddar Housing & Development Ltd,PODDARHOUS
3826,VST00865,high,Poddar Pigments Ltd,PODDARMENT
13362,VST01214,high,Pokarna Ltd,POKARNA
17416,VST03749,high,Polaris Consulting & Services Ltd,POLARIS
13973,VST00644,high,Poly Medicure Ltd,POLYMED
26603,VST00977,high,Polycab India Ltd,POLYCAB
1056,VST03751,high,Polyplex Corporation Ltd,POLYPLEX
14229,VST00184,high,Pondy Oxides & Chemicals Ltd,POCL
5023,VST03357,high,Poonawalla Fincorp Ltd,POONAWALLA
25180,VST01395,high,Popular Vehicles & Services Ltd,PVSL
12068,VST03720,high,Power Finance Corporation Ltd,PFC
5455,VST03757,high,Power Grid Corporation of India Ltd,POWERGRID
34787,VST00651,high,Power Mech Projects Ltd,POWERMECH
33638,VST00778,high,Prabhat Dairy Ltd,PRABHAT
3458,VST03761,high,Praj Industries Ltd,PRAJIND
444,VST03762,high,Prakash Industries Ltd,PRAKASH
2585,VST00157,high,Prakash Pipes,PPL
68829,VST00892,high,Prataap Snacks Ltd,DIAMONDYD
26856,VST03765,high,Pratibha Industries Ltd,PRATIBHA
6969,VST01317,high,Praveg Ltd,PRAVEG
70580,VST01099,high,Praxis Home Retail Ltd,PRAXIS
23816,VST01017,high,Precision Camshafts Ltd,PRECAM
1903,VST03766,high,Precot Ltd,PRECOT
76751,VST00292,high,Premier Energies Ltd,PREMIERENE
3315,VST01500,high,Premier Explosives Ltd,PREMEXPLN
19446,VST03717,high,Presdient Systems,PERSISTENT
13212,VST03775,high,Prestige Estates Projects Ltd,PRESTIGE
67610,VST01322,high,Pricol Ltd,PRICOLLTD
1908,VST03777,review,Pricol Ltd(Merged),PRICOL
27264,VST03722,high,Prime Focus Ltd,PFOCUS
4042,VST03779,high,Prime Securities Ltd,PRIMESECU
455,VST01181,high,Primo Chemicals Ltd,PRIMO
29575,VST01280,high,Prince Pipes & Fittings Ltd,PRINCEPIPE
4727,VST03780,high,Prism Johnson Ltd,PRSMJOHNSN
4846,VST01629,high,Privi Speciality Chemicals Ltd,PRIVISCL
149,VST03425,high,Procter & Gamble Health Ltd,PGHL
480,VST03724,high,Procter & Gamble Hygiene and Health Care Ltd,PGHH
14537,VST00005,high,Protean eGov Technologies Ltd,PROTEAN
41492,VST00606,high,Prozone Realty Ltd,PROZONER
42732,VST00018,high,Prudent Corporate Advisory Services Ltd,PRUDENT
12220,VST03802,high,Punj Lloyd Ltd,PUNJLLOYD
5814,VST03787,high,Punjab & Sind Bank,PSB
457,VST03797,high,Punjab Chemicals & Crop Protection Ltd,PUNJABCHEM
7855,VST03744,high,Punjab National Bank,PNB
12322,VST04346,high,Punjab State Seed Corporation,UBL
25459,VST03803,high,Puravankara Ltd,PURVA
93245,VST00400,high,Quadrant Future Tek Ltd,QUADFUTURE
54766,VST00460,high,Quality Power Electrical Equipments Ltd,QPOWER
44398,VST01187,high,Quess Corp Ltd,QUESS
66574,VST00783,high,Quick Heal Technologies Ltd,QUICKHEAL
13703,VST00418,high,R K Swamy Ltd,RKSWAMY
29577,VST01402,high,R R Kabel Ltd,RRKABEL
3888,VST03910,high,R S Software (India) Ltd,RSSOFTWARE
20045,VST03912,high,R Systems International Ltd,RSYSTEMS
1194,VST01293,high,RACL Geartech Ltd,RACLGEAR
5982,VST01657,high,RBL Bank Ltd,RBLBANK
18075,VST03855,high,REC Ltd,RECLTD
40749,VST01351,high,RHI Magnesita India Ltd,RHIM
29175,VST03902,high,RPG Life Sciences Ltd,RPGLIFE
36162,VST03908,high,RPP Infra Projects Ltd,RPPINFRA
73407,VST00940,high,RPSG Ventures Ltd,RPSGVENT
700,VST03911,high,RSWM Ltd,RSWM
26837,VST03889,high,Radha Madhav Corporation Ltd,RMCL
76044,VST01494,high,Radiant Cash Management Services Ltd,RADIANTCMS
2153,VST03810,high,Radico Khaitan Ltd,RADICO
26721,VST00920,high,Rail Vikas Nigam Ltd,RVNL
22070,VST00316,high,Railtel Corporation of India Ltd,RAILTEL
25399,VST03814,high,Rain Cements Ltd,RAIN
955,VST03814,high,Rain Industries Ltd,RAIN
35969,VST01632,high,Rainbow Childrens Medicare Ltd,RAINBOW
2207,VST03820,high,Rajapalayam Mills Ltd,RAJPALAYAM
13051,VST03818,high,Rajesh Exports Ltd,RAJESHEXPO
4364,VST00968,high,Rajratan Global Wire Ltd,RAJRATAN
1436,VST03822,high,Rajshree Sugars & Chemicals Ltd,RAJSREESUG
465,VST03825,high,Rallis India Ltd,RALLIS
23340,VST00692,high,Rama Steel Tubes Ltd,RAMASTEEL
1926,VST03829,high,Ramco Industries Ltd,RAMCOIND
12611,VST03830,high,Ramco Systems Ltd,RAMCOSYS
24934,VST03888,high,Ramkrishna Forgings Ltd,RKFORGE
28591,VST03832,high,Ramky Infrastructure Ltd,RAMKY
469,VST03835,high,Ranbaxy Laboratories Ltd (Merged),RANBAXY
26642,VST03891,high,Rane (Madras) Ltd,RML
470,VST03838,high,Rane Holdings Ltd,RANEHOLDIN
34928,VST00362,high,Rashi Peripherals Ltd,RPTECH
2297,VST03850,high,Rashtriya Chemicals & Fertilizers Ltd,RCF
75833,VST00307,high,Rategain Travel Technologies Ltd,RATEGAIN
3124,VST03843,high,Ratnamani Metals & Tubes Ltd,RATNAMANI
41487,VST01464,high,RattanIndia Enterprises Ltd,RTNINDIA
34819,VST02968,high,RattanIndia Power Ltd,RTNPOWER
75109,VST00267,high,Ravinder Heights Ltd,RVHL
6582,VST00646,high,Ravindra Energy Ltd,RELTD
79030,VST00111,high,Raymond Lifestyle Ltd,RAYMONDLSL
474,VST03845,high,Raymond Ltd,RAYMOND
91692,VST00629,high,Raymond Realty Ltd,RAYMONDREL
12586,VST03856,high,Redington Ltd,REDINGTON
76297,VST00402,high,Redtape Ltd,REDTAPE
27794,VST03857,high,Refex Industries Ltd,REFEX
5056,VST03863,review,Relaxo Footwears Ltd,RELAXO
27726,VST03848,high,Reliance Broadcast Network Ltd,RBN
1866,VST03865,high,Reliance Capital Ltd,RELCAPITAL
12202,VST01869,high,Reliance Capital Mutual Fund,CPSEETF
27206,VST03851,high,Reliance Communications Ltd,RCOM
38777,VST00664,high,Reliance Home Finance Ltd,RHFL
476,VST03868,high,Reliance Industries Ltd,RELIANCE
88,VST03871,high,Reliance Infrastructure Ltd,RELINFRA
23050,VST01090,high,Reliance Naval & Engineering Ltd,SWANDEF
12653,VST03907,high,Reliance Power Ltd,RPOWER
28150,VST03869,high,Religare Enterprises Ltd,RELIGARE
25067,VST01185,high,Repco Home Finance Ltd,REPCOHOME
15934,VST03878,high,Repro India Ltd,REPRO
72552,VST00227,high,Restaurant Brands Asia Ltd,RBA
702,VST03884,high,Rico Auto Industries Ltd,RICOAUTO
78395,VST00411,high,Rishabh Instruments Ltd,RISHABH
24268,VST00798,high,Rites Ltd,RITES
30245,VST01225,high,Rolex Rings Ltd,ROLEXRINGS
72633,VST00107,high,Rossari Biotech Ltd,ROSSARI
5745,VST01483,high,Rossell India Ltd,ROSSELLIND
78328,VST00425,high,Rossell Techsys Ltd,ROSSTECH
4253,VST01082,high,Roto Pumps Ltd,ROTO
72028,VST00966,high,Route Mobile Ltd,ROUTE
22048,VST03894,high,Royal Orchid Hotels Ltd,ROHLTD
27415,VST03916,high,Ruchira Papers Ltd,RUCHIRA
19466,VST01438,high,S Chand & Company Ltd,SCHAND
23313,VST01037,high,S H Kelkar & Company Ltd,SHK
68304,VST00749,high,S J S Enterprises Ltd,SJS
34404,VST00652,high,S P Apparels Ltd,SPAL
71753,VST00938,high,SBFC Finance Ltd,SBFC
20149,VST00068,high,SBI Cards & Payment Services Ltd,SBICARD
22045,VST00519,high,SBI Life Insurance Company Ltd,SBILIFE
4760,VST03978,high,SEAMEC Ltd,SEAMECLTD
28369,VST04031,high,SEPC Ltd,SEPC
7564,VST01195,high,SG Finserve Ltd,SGFIN
37791,VST00751,high,SIS Ltd,SIS
12076,VST04061,high,SJVN Ltd,SJVN
37,VST04063,high,SKF India Ltd,SKFINDIA
544,VST04073,high,SML ISUZU Ltd,SMLMAH
25807,VST04075,high,SMS Pharmaceuticals Ltd,SMSPHARMA
3348,VST04112,high,SPML Infra Ltd,SPMLINFRA
2787,VST04118,high,SREI Infrastructure Finance Ltd,SREINFRA
513,VST04122,high,SRF Ltd,SRF
79204,VST00631,high,STL Networks Ltd,STLNETWORK
3313,VST04010,high,SVOGL Oil Gas & Energy Ltd,SVOGL
3444,VST03923,high,Sabero Organics Gujarat Ltd(Merged),SABERORGAN
22137,VST03925,high,Sadbhav Engineering Ltd,SADBHAV
42049,VST01387,high,Sadbhav Infrastructure Projects Ltd,SADBHIN
710,VST00946,high,Safari Industries (India) Ltd,SAFARI
1000,VST03928,high,Sagar Cements Ltd,SAGCEM
93271,VST00481,high,Sagility India Ltd,SAGILITY
68121,VST01132,high,Sai Life Sciences Ltd,SAILIFE
34768,VST00954,high,Sai Silks (Kalamandir) Ltd,KALAMANDIR
26503,VST03934,high,Saksoft Ltd,SAKSOFT
1889,VST00982,high,Salzer Electronics Ltd,SALZERELEC
94069,VST00531,high,Sambhv Steel Tubes Ltd,SAMBHV
74552,VST00250,high,Samhi Hotels Ltd,SAMHI
2966,VST03471,review,Samvardhana Motherson International Ltd,MOTHERSON
76395,VST00370,high,Sanathan Textiles Ltd,SANATHAN
25069,VST00741,high,Sandhar Technologies Limited,SANDHAR
2158,VST00553,high,Sandur Manganese & Iron Ores Ltd,SANDUMA
3924,VST03949,high,Sanghi Industries Ltd,SANGHIIND
4820,VST03952,high,Sanghvi Movers Ltd,SANGHVIMOV
79141,VST00471,high,Sanofi Consumer Healthcare India Ltd,SANOFICONR
256,VST02213,high,Sanofi India Ltd,SANOFI
39378,VST01620,high,Sansera Engineering Ltd,SANSERA
80006,VST00248,high,Sanstar Ltd,SANSTAR
72573,VST01436,high,Sapphire Foods India Ltd,SAPPHIRE
1140,VST03956,high,Sarda Energy & Minerals Ltd,SARDAEN
204,VST03957,high,Saregama India Ltd,SAREGAMA
4761,VST03958,high,Sarla Performance Fibers Ltd,SARLAPOLY
20648,VST03959,high,Sasken Technologies Ltd,SASKEN
28894,VST03589,high,Satchmo Holdings Ltd,NITESHEST
16093,VST01467,high,Satin Creditcare Network Ltd,SATIN
2567,VST03963,high,Satyam Computer Services Ltd(Merged),SATYAMCOMP
4149,VST04093,high,Savita Oil Technologies Ltd,SOTL
2719,VST00794,high,Sayaji Hotels Ltd,SAYAJIHOTL
446,VST02670,high,Schaeffler India Ltd,SCHAEFFLER
78092,VST00286,high,Schloss Bangalore Ltd,THELEELA
41218,VST01470,high,Schneider Electric Infrastructure Ltd,SCHNEIDER
24603,VST01237,high,SecureKloud Technologies Ltd,SECURKLOUD
4822,VST03984,high,Selan Explorations Technology Ltd,ANTELOPUS
33975,VST01178,high,Senco Gold Ltd,SENCO
93477,VST00451,high,Senores Pharmaceuticals Ltd,SENORES
2086,VST01437,high,Sequent Scientific Ltd,VIYASH
214,VST01521,high,Setco Automotive Ltd,SETCO
2882,VST01143,high,Seya Industries Ltd,SEYAIND
6740,VST00558,high,Shaily Engineering Plastics Ltd,SHAILY
6580,VST01564,high,Shakti Pumps (India) Ltd,SHAKTIPUMP
40217,VST01169,high,Shalby Ltd,SHALBY
505,VST03998,high,Shalimar Paints Ltd,SHALPAINTS
28590,VST00736,high,Shankara Building Products Ltd,SHANKARA
968,VST04001,high,Shanthi Gears Ltd,SHANTIGEAR
35410,VST00674,high,Sharda Cropchem Ltd,SHARDACROP
7065,VST01168,high,Sharda Motor Industries Ltd,SHARDAMOTR
71477,VST01594,high,Share India Securities Ltd,SHAREINDIA
3794,VST04005,high,Shasun Pharmaceuticals Ltd(Merged),SHASUNPHAR
26840,VST01573,high,Sheela Foam Ltd,SFL
41398,VST00852,high,Shemaroo Entertainment Ltd,SHEMAROO
6082,VST00102,high,Shilchar Technologies Ltd,SHILCTECH
5031,VST04008,high,Shilpa Medicare Ltd,SHILPAMED
76811,VST00433,high,Shipping Corporation of India Land & Assets Ltd,SCILAL
2347,VST03976,high,Shipping Corporation of India Ltd,SCI
93275,VST00755,high,Shiva Realtors Suburban Pvt Ltd,ADVENTHTL
1336,VST00882,high,Shivalik Bimetal Controls Ltd,SBCL
23236,VST01419,high,Shivalik Rasayan Ltd,SHIVALIK
26828,VST04011,high,Shivam Autotech Ltd,SHIVAMAUTO
19961,VST04015,high,Shoppers Stop Ltd,SHOPERSTOP
508,VST04019,high,Shree Cement Ltd,SHREECEM
510,VST00694,high,Shree Digvijay Cement Co. Ltd,SHREDIGCEM
34793,VST01304,high,Shree Pushkar Chemicals & Fertilizers Ltd,SHREEPUSHK
23875,VST03876,high,Shree Renuka Sugars Ltd,RENUKA
4441,VST04026,high,Shreyas Shipping & Logistics Ltd,TRANSWORLD
6548,VST04030,high,Shriram City Union Finance Ltd(Merged),SHRIRAMCIT
1745,VST04130,high,Shriram Finance Ltd,SHRIRAMFIN
5498,VST01070,high,Shriram Pistons & Rings Ltd,SHRIPISTON
66145,VST00665,high,Shriram Properties Ltd,SHRIRAMPPS
45268,VST01440,high,Shyam Metalics & Energy Ltd,SHYAMMETL
1610,VST00213,high,Sical Logistics Ltd,SICALLOG
93274,VST00626,high,Siemens Energy India Ltd,ENRIN
514,VST04042,high,Siemens Ltd,SIEMENS
77225,VST01560,high,SignatureGlobal India Ltd,SIGNATURE
2897,VST04052,high,Simplex Infrastructures Ltd,SIMPLEXINF
20289,VST04050,high,Simplex Projects Ltd,SIMPLEX
72,VST04054,high,Sintex Industries Ltd,SINTEX
68828,VST01040,high,Sintex Plastics Technology Ltd,SPTL
72355,VST01420,high,Sirca Paints India Ltd,SIRCA
27706,VST04503,high,Siti Networks Ltd,SITINET
516,VST04060,high,Siyaram Silk Mills Ltd,SIYSIL
25991,VST00955,high,Skipper Ltd,SKIPPER
73265,VST00082,high,Sky Gold & Diamonds Ltd,SKYGOLD
12005,VST02266,review,Small Industries Development Bank of India Ltd,BATAINDIA
92861,VST00413,high,Smartworks Coworking Spaces Ltd,SMARTWORKS
162,VST02836,high,Smithkline Beecham Pharmaceuticals Ltd(Merged),GSKCONS
43309,VST01334,high,Snowman Logistics Ltd,SNOWMAN
27443,VST04078,high,Sobha Ltd,SOBHA
25386,VST04084,high,Solar Industries India Ltd,SOLARINDS
70281,VST01202,high,Solara Active Pharma Sciences Ltd,SOLARA
4257,VST01003,high,Som Distilleries & Breweries Ltd,SDBL
519,VST04089,high,Somany Ceramics Ltd,SOMANYCERA
18341,VST00210,high,Sona BLW Precision Forgings Ltd,SONACOMS
12490,VST04092,high,Sonata Software Ltd,SONATSOFTW
6263,VST04096,high,South Indian Bank Ltd,SOUTHBANK
71774,VST01665,high,South West Pinnacle Exploration Ltd,SOUTHWEST
525,VST04105,high,Southern Petrochemicals Industries Corporation Ltd,SPIC
34046,VST01137,high,Spandana Sphoorty Financial Ltd,SPANDANA
33406,VST00705,high,Speciality Restaurants Ltd,SPECIALITY
73406,VST00091,review,Spencers Retail Ltd,SPENCERS
35327,VST00091,high,Spencers Retail Ltd (Merged),SPENCERS
3367,VST00750,high,SpiceJet Ltd,SPICEJET
94305,VST00478,high,Sri Lotus Developers & Realty Ltd,LOTUSDEV
3885,VST03306,high,Srikalahasthi Pipes Ltd(Merged),SRIPIPES
93473,VST00403,high,Standard Glass Lining Technology Ltd,SETL
36078,VST00069,high,Stanley Lifestyles Ltd,STANLEY
27763,VST00985,high,Star Cement Ltd,STARCEMENT
42087,VST00985,high,Star Cement Meghalaya Ltd,STARCEMENT
40946,VST01603,high,Star Ferro & Cement Ltd(Merged),SFCL
33760,VST01146,high,Star Health & Allied Insurance Company Ltd,STARHEALTH
5961,VST03969,high,State Bank of Bikaner and Jaipur(Merged),SBBJ
1375,VST03972,high,State Bank of India,SBIN
5947,VST03504,high,State Bank of Mysore(Merged),MYSOREBANK
5521,VST03973,high,State Bank of Travancore(Merged),SBT
2299,VST03930,high,Steel Authority of India Ltd,SAIL
1338,VST04132,high,Steel Strips Wheels Ltd,SSWL
3496,VST00520,high,Steelcast Ltd,STEELCAS
74090,VST00027,high,Sterling & Wilson Renewable Energy Ltd,SWSOLAR
5110,VST04145,high,Sterling Tools Ltd,STERTOOLS
1047,VST04139,high,Sterlite Industries (India) Ltd(Merged),STER
21331,VST04149,high,Sterlite Technologies Ltd,STLTECH
42781,VST00023,high,Stove Kraft Ltd,STOVEKRAFT
16996,VST04134,high,Strides Pharma Science Ltd,STAR
4888,VST00701,high,Stylam Industries Ltd,STYLAMIND
866,VST03049,high,Styrenix Performance Materials Ltd,STYRENIX
1121,VST04154,high,Subros Ltd,SUBROS
808,VST04156,high,Sudarshan Chemical Industries Ltd,SUDARSCHEM
72935,VST00545,high,Sula Vineyards Ltd,SULA
23986,VST00720,high,Sumitomo Chemical India Ltd,SUMICHEM
15108,VST04163,high,Summit Securities Ltd,SUMMITSEC
27675,VST04099,high,Sun Pharma Advanced Research Company Ltd,SPARC
4325,VST04174,review,Sun Pharmaceuticals Industries Ltd,SUNPHARMA
15228,VST04177,high,Sun TV Network Ltd,SUNTV
73475,VST00442,high,Sundaram Clayton Ltd,SUNCLAY
72052,VST00640,high,Sundaram Fin.Hol,TSFINV
17732,VST00640,review,Sundaram Finance Holdings Ltd,TSFINV
540,VST04166,high,Sundaram Finance Ltd,SUNDARMFIN
539,VST04169,high,Sundram Fasteners Ltd,SUNDRMFAST
1065,VST04171,high,Sunflag Iron & Steel Company Ltd,SUNFLAG
6838,VST04176,high,Sunteck Realty Ltd,SUNTECK
6045,VST04183,high,Suprajit Engineering Ltd,SUPRAJIT
541,VST04184,high,Supreme Industries Ltd,SUPREMEIND
27272,VST04185,high,Supreme Infrastructure India Ltd,SUPREMEINF
3608,VST01249,high,Supreme Petrochem Ltd,SPLPETRO
75656,VST00225,high,Supriya Lifescience Ltd,SUPRIYA
76563,VST01478,high,Suraj Estate Developers Ltd,SURAJEST
76250,VST01520,high,Suraksha Diagnostic Ltd,SURAKSHA
445,VST04199,high,Surya Roshni Ltd,SURYAROSNI
48889,VST00944,high,Suryoday Small Finance Bank Ltd,SURYODAY
27375,VST04203,high,Sutlej Textiles and Industries Ltd,SUTLEJTEX
4916,VST04204,high,Suven Life Sciences Ltd,SUVEN
13872,VST04205,high,Suzlon Energy Ltd,SUZLON
2117,VST01251,high,Swan Energy Ltd,SWANCORP
1344,VST04206,high,Swaraj Engines Ltd,SWARAJENG
6649,VST03615,high,Swelect Energy Systems Ltd,SWELECTES
68148,VST00020,high,Swiggy Ltd,SWIGGY
3465,VST04209,high,Symphony Ltd,SYMPHONY
5638,VST04211,high,Syndicate Bank(Merged),SYNDIBANK
25767,VST00897,high,Syngene International Ltd,SYNGENE
76291,VST00322,high,Syrma SGS Technology Ltd,SYRMA
3845,VST00847,high,Systematix Corporate Services Ltd,SYSTMTXC
24061,VST04341,high,T.V. Today Network Ltd,TVTODAY
73403,VST00327,high,TARC Ltd,TARC
69551,VST01264,high,TBO Tek Ltd,TBOTEK
67917,VST01157,high,TCI Express Ltd,TCIEXP
68851,VST01404,high,TCNS Clothing Co. Ltd,TCNSBRANDS
1764,VST01453,high,TCPL Packaging Ltd,TCPLPACK
34673,VST00933,high,TD Power Systems Ltd,TDPOWERSYS
569,VST04284,high,TIL Ltd,TIL
556,VST04316,high,TRF Ltd,TRF
780,VST04323,high,TTK Healthcare Ltd,TTKHLTCARE
4301,VST04325,high,TTK Prestige Ltd,TTKPRESTIG
27482,VST02966,high,TV18 Broadcast Ltd,TV18BRDCST
538,VST00491,high,TVS Holdings Ltd,TVSHLTD
8029,VST04338,high,TVS Motor Company Ltd,TVSMOTOR
526,VST04339,high,TVS Srichakra Ltd,TVSSRICHAK
28638,VST00894,high,TVS Supply Chain Solutions Ltd,TVSSCS
20754,VST04214,high,TajGVK Hotels & Resorts Ltd,TAJGVK
27715,VST04215,high,Take Solutions Ltd,TAKE
37382,VST04217,high,Talwalkars Better value Fitness Ltd,TALWALKARS
69486,VST01206,high,Talwalkars Healthclubs Ltd,TALWGYM
12122,VST04299,high,Tamil Nadu Newsprint & Papers Ltd,TNPL
548,VST04220,high,Tanfac Industries Ltd,TANFACIND
24392,VST04221,high,Tanla Platforms Ltd,TANLA
22835,VST00885,high,Tantia Constructions Ltd,TICL
40258,VST01423,high,Tara Jewels Ltd,TARAJEWELS
34495,VST00547,high,Tarsons Products Ltd,TARSONS
1897,VST01021,high,Tasty Bite Eatables Ltd,TASTYBITE
29113,VST01658,high,Tata Capital Ltd,TATACAP
552,VST04225,high,Tata Chemicals Ltd,TATACHEM
121,VST04226,high,Tata Coffee Ltd(Merged),TATACOFFEE
2295,VST04227,high,Tata Communications Ltd,TATACOMM
5400,VST04256,high,Tata Consultancy Services Ltd,TCS
557,VST04231,high,Tata Consumer Products Ltd,TATACONSUM
2322,VST04229,high,Tata Elxsi Ltd,TATAELXSI
298,VST04236,high,Tata Investment Corporation Ltd,TATAINVEST
2986,VST04237,high,Tata Metaliks Ltd(Merged),TATAMETALI
560,VST04238,high,Tata Motors Ltd,TMPV
36014,VST04239,high,Tata Motors-DVR,TATAMTRDVR
554,VST04240,high,Tata Power Company Ltd,TATAPOWER
3169,VST02305,high,Tata Steel BSL Ltd(Merged),TATASTLBSL
300,VST04242,high,Tata Steel Long Products Ltd(Merged),TATASTLLP
566,VST04243,high,Tata Steel Ltd,TATASTEEL
18295,VST00544,high,Tata Technologies Ltd,TATATECH
75545,VST00340,high,Tatva Chintan Pharma Chem Ltd,TATVA
24915,VST01671,high,Team Lease Services Ltd,TEAMLEASE
17215,VST04257,high,Tech Mahindra Ltd,TECHM
37716,VST00752,review,Techno Electric & Engineering Company Ltd,TECHNOE
36016,VST04258,review,Techno Electric & Engineering Company Ltd (Merged),TECHNO
26912,VST04283,high,Technocraft Industries (India) Ltd,TIIL
28245,VST04262,high,Tecpro Systems Ltd,TECPRO
35139,VST00058,high,Tega Industries Ltd,TEGA
35619,VST00055,high,Tejas Networks Ltd,TEJASNET
562,VST04269,high,Texmaco Infrastructure & Holdings Ltd,TEXINFRA
27419,VST04271,high,Texmaco Rail & Engineering Ltd,TEXRAIL
34920,VST04275,high,Thangamayil Jewellery Ltd,THANGAMAYL
73498,VST00766,high,The Anup Engineering Ltd,ANUP
6454,VST00795,high,The Byke Hospitality Ltd,BYKE
357,VST03351,high,The Ramco Cements Ltd,RAMCOCEM
42197,VST00514,high,Thejo Engineering Ltd,THEJO
4895,VST04276,high,Themis Medicare Ltd,THEMISMED
4767,VST04277,high,Thermax Ltd,THERMAX
563,VST04293,high,Thirumalai Chemicals Ltd,TIRUMALCHM
564,VST04280,high,Thomas Cook (India) Ltd,THOMASCOOK
42518,VST01165,high,Thyrocare Technologies Ltd,THYROCARE
2846,VST04282,high,Tide Water Oil Co (I) Ltd,VEEDOL
3388,VST04281,high,Tilaknagar Industries Ltd,TI
27753,VST04288,high,Time Technoplast Ltd,TIMETECHNO
2226,VST04290,high,Timken India Ltd,TIMKEN
5039,VST00063,high,Tinna Rubber & Infrastructure Ltd,TINNARUBR
8022,VST04292,high,Tips Music Ltd,TIPSMUSIC
19939,VST04343,high,Titagarh Rail Systems Ltd,TITAGARH
1016,VST04296,high,Titan Company Ltd,TITAN
3616,VST04304,high,Torrent Pharmaceuticals Ltd,TORNTPHARM
18488,VST04305,high,Torrent Power Ltd,TORNTPOWER
4317,VST04273,high,Tourism Finance Corporation of India Ltd,TFCILTD
75835,VST00348,high,Tracxn Technologies Ltd,TRACXN
76342,VST00420,high,TransIndia Real Estate Ltd,TREL
28340,VST04320,high,Transformers & Rectifiers India Ltd,TARIL
20561,VST04252,high,Transport Corporation of India Ltd,TCI
67061,VST00976,high,Transrail Lighting Ltd,TRANSRAILL
69655,VST00490,high,Travel Food Services Ltd,TRAVELFOOD
40647,VST00141,high,Tree House Education & Accessories Ltd,TREEHOUSE
345,VST04315,high,Trent Ltd,TRENT
2970,VST04318,high,Trident Ltd,TRIDENT
20058,VST04322,high,Triveni Engineering and Industries Ltd,TRIVENI
22929,VST00560,high,Triveni Turbine Ltd,TRITURBINE
69989,VST01188,high,TruCap Finance Ltd,TRU
40963,VST01654,high,Tube Investments of India Ltd,TIINDIA
5475,VST04348,high,UCO Bank,UCOBANK
65118,VST01071,high,UFO Moviez India Ltd,UFO
2461,VST04363,high,UPL Ltd,UPL
23412,VST00259,high,UTI Asset Management Company Ltd,UTIAMC
1474,VST04349,high,Uflex Ltd,UFLEX
4673,VST01151,high,Ugro Capital Ltd,UGROCAP
40564,VST01555,high,Ujaas Energy Ltd,UEL
34901,VST00817,high,Ujjivan Financial Services Ltd,UJJIVAN
70055,VST01112,high,Ujjivan Small Finance Bank Ltd,UJJIVANSFB
24951,VST04353,high,UltraTech Cement Ltd,ULTRACEMCO
576,VST00903,high,Ultramarine & Pigments Ltd,ULTRAMAR
577,VST04358,high,Unichem Laboratories Ltd,UNICHEMLAB
75410,VST00041,high,Unicommerce eSolutions Ltd,UNIECOM
93631,VST00466,high,Unimech Aerospace and Manufacturing Ltd,UNIMECH
5493,VST04361,high,Union Bank of India,UNIONBANK
45939,VST00704,high,Uniparts India Ltd,UNIPARTS
25636,VST04365,high,Uniply Industries Ltd,UNIPLY
986,VST04366,high,Unitech Ltd,UNITECH
5481,VST04367,review,United Bank of India(Merged),UNITEDBNK
18387,VST04346,high,United Bleachers Pvt Ltd,UBL
580,VST04345,high,United Breweries (Holdings) Ltd,UBHOLDINGS
23220,VST04346,high,United Breweries Ltd,UBL
32179,VST04363,high,United Plantations Ltd,UPL
8036,VST03417,high,United Spirits Ltd,UNITDSPR
25397,VST04371,high,Unity Infraprojects Ltd,UNITY
587,VST04372,high,Universal Cables Ltd,UNIVCABLES
12295,VST03440,high,Uno Minda Ltd,UNOMINDA
43355,VST01489,high,Updater Services Ltd,UDS
1076,VST04380,high,Usha Martin Ltd,USHAMART
72071,VST01336,high,Utkarsh Small Finance Bank Ltd,UTKARSHBNK
820,VST03324,high,Uttam Value Steels Ltd,UTTAMVALUE
720,VST04435,high,V I P Industries Ltd,VIPIND
19611,VST04418,high,V-Guard Industries Ltd,VGUARD
34162,VST01252,high,V-Mart Retail Ltd,VMART
27679,VST04441,high,V2 Retail Ltd,V2RETAIL
29776,VST00860,high,VRL Logistics Ltd,VRLLOG
598,VST04454,high,VST Industries Ltd,VSTIND
2531,VST04455,high,VST Tillers Tractors Ltd,VSTTILLERS
36019,VST04462,high,Va Tech Wabag Ltd,WABAG
1524,VST04396,high,Vadilal Industries Ltd,VADILALIND
16437,VST04397,high,Vaibhav Global Ltd,VAIBHAVGBL
3546,VST04398,high,Vakrangee Ltd,VAKRANGEE
68789,VST01129,high,Valiant Organics Ltd,VALIANTORG
35717,VST02523,high,Valor Estate Ltd,DBREALTY
40412,VST00159,review,Vardhman Special Steels Ltd,VSSL
932,VST04456,high,Vardhman Textiles Ltd,VTL
30486,VST01253,high,Varroc Engineering Ltd,VARROC
24608,VST00634,high,Varun Beverages Ltd,VBL
28441,VST04408,high,Vascon Engineers Ltd,VASCONEQ
71811,VST01456,high,Vedant Fashions Ltd,MANYAVAR
502,VST03988,high,Vedanta Ltd,VEDL
1250,VST04414,high,Venkys (India) Ltd,VENKEYS
40188,VST01406,high,Ventive Hospitality Ltd,VENTIVE
76332,VST00367,high,Venus Pipes & Tubes Ltd,VENUSPIPES
76196,VST00359,high,Veranda Learning Solutions Ltd,VERANDA
3196,VST04417,high,Vesuvius India Ltd,VESUVIUS
6025,VST04423,high,Vijaya Bank(Merged),VIJAYABANK
75683,VST00142,high,Vijaya Diagnostic Centre Ltd,VIJAYA
3231,VST04428,high,Vimta Labs Ltd,VIMTALABS
2247,VST04429,high,Vinati Organics Ltd,VINATIORGA
722,VST04431,high,Vindhya Telelinks Ltd,VINDHYATEL
65456,VST01036,high,Vintage Coffee & Beverages Ltd,VINCOFE
1052,VST04437,high,Visaka Industries Ltd,VISAKAIND
86391,VST00072,high,Vishal Mega Mart Ltd,VMM
3977,VST00733,high,Vishnu Chemicals Ltd,VISHNU
74997,VST00277,high,Vishnu Prakash R Punglia Ltd,VPRPL
65468,VST00947,high,Vishwaraj Sugar Industries Ltd,VISHWARAJ
26766,VST04448,high,Vivimed Labs Ltd,VIVIMEDLAB
23040,VST02983,high,Vodafone Idea Ltd,IDEA
27341,VST04450,high,Voltamp Transformers Ltd,VOLTAMP
597,VST04451,high,Voltas Ltd,VOLTAS
615,VST01388,high,WPIL Ltd,WPIL
39763,VST00872,high,Waaree Energies Ltd,WAAREEENER
42529,VST00774,high,Waaree Renewables Technologies Ltd,WAAREERTL
2393,VST04465,high,Wanbury Ltd,WANBURY
4320,VST04470,high,Websol Energy System Ltd,WEBELSOLAR
7947,VST04472,high,Welspun Corp Ltd,WELCORP
21325,VST04476,high,Welspun Enterprises Ltd,WELENT
2227,VST04478,high,Welspun Living Ltd,WELSPUNLIV
606,VST04480,high,Wendt India Ltd,WENDT
607,VST04502,high,West Coast Paper Mills Ltd,WSTCSTPAPR
91644,VST00306,high,Western Carriers (India) Ltd,WCIL
1543,VST00734,high,Westlife Foodworld Ltd,WESTLIFE
609,VST04484,high,Wheels India Ltd,WHEELS
328,VST04485,high,Whirlpool of India Ltd,WHIRLPOOL
4118,VST04491,high,Wim Plast Ltd,WIMPLAST
36133,VST00343,high,Windlas Biotech Ltd,WINDLAS
614,VST04494,high,Wipro Ltd,WIPRO
8021,VST04497,high,Wockhardt Ltd,WOCKPHARMA
43583,VST00191,high,Wonderla Holidays Ltd,WONDERLA
127,VST04504,high,Wyeth Ltd(Merged),WYETH
618,VST04509,high,XPRO India Ltd,XPROINDIA
73218,VST00087,high,Xelpmoc Design and Tech Ltd,XELPMOC
45929,VST01191,high,Yasho Industries Ltd,YASHO
76683,VST00369,high,Yatharth Hospital & Trauma Care Services Ltd,YATHARTH
68113,VST00371,high,Yatra Online Ltd,YATRA
25267,VST04510,high,Yes Bank Ltd,YESBANK
2108,VST00879,high,Yuken India Ltd,YUKEN
619,VST04524,high,Z F Steering Gear (India) Ltd,ZFSTEERING
28069,VST04463,high,ZF Commercial Vehicle Control System India Ltd,ZFCVINDIA
78337,VST00222,high,Zaggle Prepaid Ocean Services Ltd,ZAGGLE
3126,VST04515,high,Zee Entertainment Enterprises Ltd,ZEEL
37833,VST04516,high,Zee Learn Ltd,ZEELEARN
27705,VST04517,high,Zee Media Corporation Ltd,ZEEMEDIA
21203,VST00709,high,Zen Technologies Ltd,ZENTEC
262,VST04523,high,Zensar Technologies Ltd,ZENSARTECH
12371,VST04525,high,Zicom Electronic Security Systems Ltd,ZICOM
75273,VST00470,high,Zinka Logistics Solutions Ltd,BLACKBUCK
3930,VST04526,high,Zodiac Clothing Company Ltd,ZODIACLOTH
69688,VST00848,high,Zota Health Care Ltd,ZOTA
42328,VST01472,high,Zuari Agro Chemicals Ltd,ZUARI
621,VST04528,high,Zuari Industries Ltd,ZUARIIND
20883,VST02381,high,Zydus Lifesciences Ltd,ZYDUSLIFE
6367,VST04529,high,Zydus Wellness Ltd,ZYDUSWELL
28293,VST02590,high,eClerx Services Ltd,ECLERX
40572,VST00088,high,eMudhra Ltd,EMUDHRA
77648,VST00781,high,Bluestone Jewellery & Lifestyle Ltd,BLUESTONE
40065,VST01313,high,JSW Cement Ltd,JSWCEMENT
68162,VST00220,high,Vikram Solar Ltd,VIKRAMSOLR
93113,VST00342,high,All Time Plastics Ltd,ALLTIME
23748,VST00235,high,Amanta Healthcare Ltd,AMANTA
76742,VST00089,high,Vikran Engineering Ltd,VIKRAN
94488,VST00620,high,Shreeji Shipping Global Ltd,SHREEJISPG
27243,VST02718,high,Gallantt Ispat Ltd.,GALLANTT
75371,VST00328,high,Network People Services Technologies Ltd,NPST
3143,VST00186,high,Timex Group India Ltd,TIMEX
78377,VST00406,high,Regaal Resources Ltd,REGAAL
94327,VST00201,high,Gem Aromatics Ltd,GEMAROMA
94284,VST00617,high,GK Energy Ltd,GKENERGY
43094,VST00408,high,EPack Prefab Technologies Ltd,EPACKPEB
29599,VST01107,high,Anand Rathi Share & Stock Brokers Ltd,ARSSBL
68857,VST00300,high,Urban Company Ltd,URBANCO
94655,VST00485,high,Jain Resource Recycling Ltd,JAINREC
35663,VST00486,high,Atlanta Electricals Ltd,ATLANTAELE
94321,VST00156,high,Seshaasai Technologies Ltd,STYL
94178,VST00542,high,Saatvik Green Energy Ltd,SAATVIKGL
94643,VST00458,high,Pace Digitek Ltd,PACEDIGITK
93629,VST00409,high,TruAlt Bioenergy Ltd,TRUALT
92637,VST00707,high,Shankara Buildpro Ltd,BUILDPRO
79119,VST00169,high,Ivalue Infosolutions Ltd,IVALUE
94463,VST00612,high,Euro Pratik Sales Ltd,EUROPRATIK
94068,VST00051,high,Jaro Institute of Technol. Mgt. and Research Ltd,JARO
94042,VST00465,high,Solarworld Energy Solutions Ltd,SOLARWORLD
5185,VST01055,high,Cupid Ltd,CUPID
93137,VST00630,high,Tata Motors Ltd,TMCV
13294,VST00668,high,Canara Robeco Asset Management Company Ltd,CRAMC
18787,VST00806,high,LG Electronics India Ltd,LGEINDIA
68840,VST01628,high,Lenskart Solutions Ltd,LENSKART
19576,VST00578,high,Orkla India Ltd,ORKLAINDIA
76903,VST00237,high,Wework India Management Ltd,WEWORK
94311,VST00776,high,SKF India Industrial Ltd,SKFINDUS
94066,VST00483,high,Midwest Ltd,MIDWESTLTD
34163,VST01049,high,Rubicon Research Ltd,RUBICON
30080,VST00090,high,Canara HSBC Life Insurance Company Ltd,CANHLIFE
45910,VST00031,high,Studds Accessories Ltd,STUDDS
